playCount,publishTime,like,name,description,url,id,cur_date,delta,playcount/delta,playcount/delta_intermediate,playcount/delta_normalize,like/delta,like/delta_intermediate,like/delta_normalize,total
6771,2017/7/21 13:47,0,֩սͣ˫,ʻõ֩ˣȻ˵İµϣû뵽·ȴ...,http://www.iqiyi.com/v_19rr7oucr0.html,0,2018/1/30,192,35,0.434423909,0.434423909,0,0,0,0.325817932
42953,2017/12/4 12:48,24,µ ٲиԶʻ,һ龰ɷæڹڼҵиٲⱾǷǳֵ⣬ڰµԶʻ˴һĽµƳ֧Զʻ棬ڶ̶һӵTVCйһδеĳ,http://www.iqiyi.com/v_19rre80bjo.html,1,2018/1/30,56,761,9.391291443,1,0.425029516,26.43301338,1,1
50707,2014/10/30 15:47,29,Ц ĿĴͷ,Ц棬ĿĴͷ,http://www.iqiyi.com/v_19rrn2yapg.html,2,2018/1/30,1187,43,0.527249191,0.527249191,0.024424295,1.518971484,1,0.645436893
15410,2017/8/29 11:12,5,̾˺ƿſŵ,̾˺ƿ˾뵽ŵ,http://www.iqiyi.com/v_19rr8zxplw.html,3,2018/1/30,154,100,1.239150132,1,0.032566218,2.025325874,1,1
6625,2017/8/25 11:44,2,̩˹ϴİ,ؿ棬Ҹڲ,http://www.iqiyi.com/v_19rr88p6dg.html,4,2018/1/30,158,42,0.519276484,0.519276484,0.012697517,0.789671358,0.789671358,0.586875202
6625,2017/8/25 11:44,2,̩˹ϴİ,ؿ棬Ҹڲ,http://www.iqiyi.com/v_19rr88p6dg.html,5,2018/1/30,158,42,0.519276484,0.519276484,0.012697517,0.789671358,0.789671358,0.586875202
75249,2016/7/20 22:17,6,2016ÿӹ,2016ÿӹ,http://www.iqiyi.com/v_19rrm7byzw.html,6,2018/1/30,558,135,1.664695612,1,0.01075131,0.66863479,0.66863479,0.917158698
4792,2018/1/24 11:41,0,µϹ һ˫廬,"µ֧4ְҵĹƬԺľͷչ֡ѩصļգӶһչ Candide Thovex ߳ļȻƷ֮Яֻѩ֧ƬʵϻΪǿµ Q7ǿץܣܹе״¶ܴﵽõ״̬quattro, all conditions are perfect conditions",http://www.iqiyi.com/v_19rrfjjx2c.html,7,2018/1/30,6,869,10.7309326,1,0,0,0,0.75
211019,2017/11/7 12:12,18,State Farmմ棺ŷ˹æ,ŷ˹չ˾STATE FARMCMǳ,http://www.iqiyi.com/v_19rrdv4xew.html,8,2018/1/30,83,2527,31.20343444,1,0.215590378,13.40778262,1,1
508828,2014/9/23 12:07,100,Ƭ֡,,http://www.iqiyi.com/v_19rrnbs4os.html,9,2018/1/30,1224,416,5.130242618,1,0.08166631,5.078910035,1,1
70148,2015/4/16 14:16,29,Ȥζ̼Ƭ㲻һս,,http://www.iqiyi.com/v_19rrnu9lqo.html,10,2018/1/30,1019,69,0.849556496,0.849556496,0.028447952,1.769206748,1,0.887167372
573839,2012/12/21 11:15,458,2012ĩմ,,http://www.iqiyi.com/ad/20121221/18bc7b6a81f9ab3c.html,11,2018/1/30,1866,308,3.79761995,1,0.245506474,15.26829474,1,1
24987,2017/10/16 20:17,3,÷˹۴桶ײ߳,б_ײıʿ߳,http://www.iqiyi.com/v_19rre485w4.html,12,2018/1/30,105,238,2.933652914,1,0.028529352,1.774269088,1,1
116277,2015/5/27 11:55,19,3ϵγ ٷƬ,,http://www.iqiyi.com/v_19rrojc0ek.html,13,2018/1/30,979,119,1.467085466,1,0.019417407,1.207588074,1,1
73421,2014/8/29 10:02,140, ƷƳȴ,,http://www.iqiyi.com/v_19rrmn2kdk.html,14,2018/1/30,1250,59,0.725403291,0.725403291,0.11203747,6.967723043,1,0.794052468
1631867,2013/7/12 19:54,244,ư ,ưģ档,http://www.iqiyi.com/v_19rrfvloyk.html,15,2018/1/30,1662,982,12.12084982,1,0.146795982,9.12938988,1,1
13623,2017/4/25 10:43,4,ʱ棺,ʱݵ棬һٷֲֹ,http://www.iqiyi.com/v_19rrb2bel8.html,16,2018/1/30,280,49,0.601633255,0.601633255,0.014308533,0.88986205,0.88986205,0.673690454
183,2018/1/25 11:42,0, δƼƬͬС,ƬһŵߣͬСΪṩݵĹԷ㹻˽㣬ʱ㣬˹ܵڣ㻹Ҫ˽Լľˡ,http://www.iqiyi.com/v_19rrfsvnvc.html,17,2018/1/30,5,41,0.500677232,0.500677232,0,0,0,0.375507924
16000,2017/10/17 13:06,0,һҪڳ,̨Զͣ,http://www.iqiyi.com/v_19rre4iz30.html,18,2018/1/30,104,153,1.891116055,1,0,0,0,0.75
1979,2017/6/28 10:40,0,°µϹԤƬ֩Ӣ۹,°µϹԤƬ֩Ӣ۹,http://www.iqiyi.com/v_19rr7t5mz4.html,19,2018/1/30,216,9,0.113347133,0.113347133,0,0,0,0.08501035
2299,2017/11/14 11:44,0,濴Ըл˳ģ·,2014kiaĺй...,http://www.iqiyi.com/v_19rrdqinjs.html,20,2018/1/30,77,30,0.370969692,0.370969692,0,0,0,0.278227269
19681,2016/9/20 11:32,3,ñߣһֻµķ,"ñߣһֻµķ,˰µԶʻ,Ҳõһµ.",http://www.iqiyi.com/v_19rr9hyly4.html,21,2018/1/30,497,40,0.489367212,0.489367212,0.006042059,0.375761758,0.375761758,0.460965849
8594,2017/8/17 11:34,3,ģԸ·,ץסСβͣҺܾҪʼ֮Ĺ¾Ľ֣ҵĽŲ֮ð~,http://www.iqiyi.com/v_19rr83t3i0.html,22,2018/1/30,166,52,0.641023485,0.641023485,0.018124911,1.127206448,1,0.730767614
117,2018/1/24 11:48,0,ִ2017곬¼Ƭ,201751쳬棺ִ¼Ƭ,http://www.iqiyi.com/v_19rrfjkqug.html,23,2018/1/30,6,21,0.262234372,0.262234372,0,0,0,0.196675779
34127,2017/7/19 10:14,7,ȷС,ػ˾۾Ļ飬SENSINGС˱Honda SENSINGȫУȫλķ档honda new car,http://www.iqiyi.com/v_19rr7hnodg.html,24,2018/1/30,195,175,2.165400043,1,0.035976102,2.237389968,1,1
5424,2017/7/20 14:16,0,µ϶ֳ,桱µ϶ֳ棬ģȴϱӣ䣬ͣѵĲΪֳϱΪѡֳȡǱ̨ʡŮԣڶѷ׷תرʾƬﻯŮԡŮԣµϡܶġޡ,http://www.iqiyi.com/v_19rr7r46g4.html,25,2018/1/30,193,28,0.346237979,0.346237979,0,0,0,0.259678484
2004,2017/8/4 09:42,0,ƹ˼άһнп,ϵ̩ʽ棬Ʒܾޣ,http://www.iqiyi.com/v_19rr8kyr9g.html,26,2018/1/30,179,11,0.138532082,0.138532082,0,0,0,0.103899062
868,2017/9/11 12:53,0,ҵֻб˵ǸTA,'Wandering Eyes㰮ϱ˼ҵĳҲֻˣ˵ǷǳˡʱٿԼġƳĲ˳ۣԼԳʱϹҡ,http://www.iqiyi.com/v_19rr92q49s.html,27,2018/1/30,140,6,0.076292378,0.076292378,0,0,0,0.057219283
15898,2016/8/26 17:52,6,˶ ,˶ ,http://www.iqiyi.com/v_19rrm6iayo.html,28,2018/1/30,521,30,0.376544028,0.376544028,0.011510669,0.715860071,0.715860071,0.461373038
25130,2016/12/15 16:02,7,棺ţĶԾ,ͬһó ֿMKC,http://www.iqiyi.com/v_19rra5kou0.html,29,2018/1/30,410,61,0.75610329,0.75610329,0.017059359,1.060938714,1,0.817077468
97324,2013/1/9 13:46,6,ڴ ʵƪ,,http://www.iqiyi.com/ad/20130109/2cc9f3688ce099bf.html,30,2018/1/30,1846,53,0.650746617,0.650746617,0.00324952,0.202090937,0.202090937,0.538582697
102015,2012/11/9 11:39,15,MINI COUNTRYMAN濪ƪ,,http://www.iqiyi.com/ad/20121109/f178adcf0c33d32d.html,31,2018/1/30,1908,53,0.660267825,0.660267825,0.007863636,0.489047426,0.489047426,0.617462725
21445,2014/7/8 11:32,4,𺳡涼ĵô,,http://www.iqiyi.com/v_19rrhjm8go.html,32,2018/1/30,1302,16,0.203422673,0.203422673,0.003073331,0.191133546,0.191133546,0.200350391
3786,2017/5/16 13:35,0,½޼֮۷ƪ,½޼֮۷ƪ,http://www.iqiyi.com/v_19rr7gwey4.html,33,2018/1/30,258,15,0.180865145,0.180865145,0,0,0,0.135648859
609,2017/12/4 12:47,0, Զʻ,һϸձˣ֧δƼУһɽеΪһӽǡ껪ȥΪҲῪİĳһļ顣ֱTOYOTA˼ʻһһʱĻᡣڼʻգһ߾Զʻĸ߿Ƽһͳķ羰,http://www.iqiyi.com/v_19rre80k6o.html,34,2018/1/30,56,11,0.133150796,0.133150796,0,0,0,0.099863097
725,2018/1/19 11:33,1,GAIMVʦ,GAIMVʦ,http://www.iqiyi.com/v_19rrfmpsnk.html,35,2018/1/30,11,69,0.850937849,0.850937849,0.09506833,5.912395151,1,0.888203386
6065,2017/6/19 10:35,0,˭˵һҪֳ,˵ҳһappʱ԰ѳ·ȥԡ,http://www.iqiyi.com/v_19rr73jx6s.html,36,2018/1/30,225,27,0.333445034,0.333445034,0,0,0,0.250083775
4980,2017/5/22 09:53,0,һ汾civic˼,һ汾civic˼,http://www.iqiyi.com/v_19rr7fcwyo.html,37,2018/1/30,253,20,0.243411034,0.243411034,0,0,0,0.182558276
919,2017/12/5 16:08,0,ѧ۸ʵ˵³,Ǯز¶ ƨ۸ʵ˽ϴ,http://www.iqiyi.com/v_19rre7lqy4.html,38,2018/1/30,55,17,0.205067224,0.205067224,0,0,0,0.153800418
1019,2017/9/19 10:14,0,ļ쭳,뺢ӣһļ⳵뵽һ֧ƺ׷ƬTVCŻһתһʵСкߡ,http://www.iqiyi.com/v_19rr8nup0k.html,39,2018/1/30,133,8,0.094894505,0.094894505,0,0,0,0.071170879
46579,2014/4/21 16:19,5,2014 Nissan Rogue ɣ 濥 ,,http://www.iqiyi.com/v_19rrhu9nsw.html,40,2018/1/30,1379,34,0.416916469,0.416916469,0.003624974,0.225440798,0.225440798,0.369047551
63501,2013/10/24 10:53,21,Ҳ µϴ,,http://www.iqiyi.com/v_19rrh8xqag.html,41,2018/1/30,1559,41,0.503019429,0.503019429,0.013474092,0.837967371,0.837967371,0.586756415
404,2017/11/28 11:00,0,µ ̳ͣλս,̳ǽڼյȷ򿪷ʽ̳յͣλϡȱѲֻǹ˾ѵţڹ⣬Ҳͬ⡣µϽʥ棬ʹӼ̳ͣλʼ,http://www.iqiyi.com/v_19rrelkl20.html,42,2018/1/30,63,6,0.079750953,0.079750953,0,0,0,0.059813215
11309,2017/8/21 13:18,0,׷ŰǧٱҴ׷,еҷˣһид,http://www.iqiyi.com/v_19rr8b95mo.html,43,2018/1/30,161,70,0.86481125,0.86481125,0,0,0,0.648608438
2941,2017/4/14 11:07,0,˾ʻʱ,֧Ϊ˾ѧĹ߹˾Ҫѧϰеʻ,http://www.iqiyi.com/v_19rrb9xydw.html,44,2018/1/30,291,10,0.124973472,0.124973472,0,0,0,0.093730104
11607,2016/12/1 17:32,2,һ˻,"һܿ˻,ͨƼ²Ʒ",http://www.iqiyi.com/v_19rra0k8no.html,45,2018/1/30,424,27,0.337755319,0.337755319,0.004713985,0.293167501,0.293167501,0.326608364
4293,2017/4/17 12:07,0,LEXUS ¹ƬEXPERIENCE AMAZING,һ˲ı硣LEXUS ¹ƬEXPERIENCE AMAZING档ԿƼ֮׿˹ĿĸͲƷ HOVERBOARDͧ SPORTBOAT̫շɴ SKYJET   LEXUS LC\nпյʽ߼С,http://www.iqiyi.com/v_19rray17p0.html,46,2018/1/30,287,15,0.184354758,0.184354758,0,0,0,0.138266068
3593,2017/8/16 11:01,0,׷,ɵ¹Ϊ˾ĵӰ档,http://www.iqiyi.com/v_19rr84b5ms.html,47,2018/1/30,167,22,0.266354531,0.266354531,0,0,0,0.199765898
348,2017/11/22 12:50,0,汣ҲܺͰȫϹ,Ȼñгȫ,http://www.iqiyi.com/v_19rrefecy8.html,48,2018/1/30,68,5,0.062752761,0.062752761,0,0,0,0.047064571
135211,2012/12/14 14:39,0,ۻ񽱹 ,,http://www.iqiyi.com/ad/20121214/41b1ce02ca249e82.html,49,2018/1/30,1872,72,0.89153783,0.89153783,0,0,0,0.668653373
8974,2017/8/3 09:31,0,ս2BJ40,Ҫ˵ĵڵʲôӰ𣬡ս2϶ռһϯ֮صġ,http://www.iqiyi.com/v_19rr8bl9ko.html,50,2018/1/30,180,50,0.61687235,0.61687235,0,0,0,0.462654262
3758,2017/11/23 11:35,2,ȫ½ݱXEL ΰΪֿ,ȫ½ݱXELЯΰΪֿ,http://www.iqiyi.com/v_19rreos8a0.html,51,2018/1/30,68,56,0.687171729,0.687171729,0.029622011,1.842222666,1,0.765378797
230454,2013/5/17 17:03,35,Smart ǧ,Smart ǧ,http://www.iqiyi.com/ad/20130517/bc4d22672dda831e.html,52,2018/1/30,1718,134,1.655815184,1,0.020369093,1.266774383,1,1
67552,2013/1/9 13:45,12,ڴ ʵֽƪ,,http://www.iqiyi.com/ad/20130109/4e9838b56443c8a5.html,53,2018/1/30,1846,37,0.451679123,0.451679123,0.006499038,0.404181722,0.404181722,0.439804773
15561,2017/5/3 13:24,2,¹棺ֵ鼡⳵,Dodgeϴٶ뼤ϵеרݣܿɼһߣ,http://www.iqiyi.com/v_19rr7c95o0.html,54,2018/1/30,271,57,0.707758277,0.707758277,0.007368066,0.458227414,0.458227414,0.645375561
66708,2016/7/19 13:52,9,Ƽгǿ,ǽ棬Ƽгǿ~~,http://www.iqiyi.com/v_19rrm8494o.html,55,2018/1/30,559,119,1.472184272,1,0.016088027,1.000530612,1,1
38031,2014/7/21 12:12,36,׿˹,,http://www.iqiyi.com/v_19rrhnenjw.html,56,2018/1/30,1288,30,0.364401452,0.364401452,0.027939645,1.737594656,1,0.523301089
920,2017/11/15 12:19,1,Ա桶塷,EϵС塷ƪ,http://www.iqiyi.com/v_19rrejynt8.html,57,2018/1/30,75,12,0.150466822,0.150466822,0.013247348,0.82386592,0.82386592,0.318816596
4441,2017/4/17 12:07,0,ݴ,µϴ,http://www.iqiyi.com/v_19rray19cs.html,58,2018/1/30,287,15,0.190710338,0.190710338,0,0,0,0.143032753
114,2018/1/15 14:48,0,ȫ ЧӦ,һ㣬жһʱ䷴Ӧ˺Ĳǵ˶ѣǣͥЧӦ,http://www.iqiyi.com/v_19rreuzq6s.html,59,2018/1/30,14,8,0.097851902,0.097851902,0,0,0,0.073388927
9797,2016/9/28 18:23,9,㱻Ц𣿿̲סЦĹ,Լħ԰ΪʲôЩһЦҾ͸ЦأͣͣΣ,http://www.iqiyi.com/v_19rr9fo0sk.html,60,2018/1/30,488,20,0.247735949,0.247735949,0.018433783,1.146415503,1,0.435801962
6181,2017/5/19 11:02,3,һδĽͨ߿ŵ,δǳϵ磺ÿһдл,http://www.iqiyi.com/v_19rr7foy08.html,61,2018/1/30,256,24,0.298623065,0.298623065,0.011739832,0.730111985,0.730111985,0.406495295
4531,2017/4/12 18:10,0,ɣ´棺ߡ,ɣ´棬һ÷ɰɣ,http://www.iqiyi.com/v_19rrbbegf0.html,62,2018/1/30,292,16,0.191414058,0.191414058,0,0,0,0.143560543
1286,2017/8/14 10:57,0,벻,ҪһСк_ϲأ˰Ķװ_ڳߴ϶ֽţ׼ӡ̣¼֤ľϲ,http://www.iqiyi.com/v_19rr85kce4.html,63,2018/1/30,169,8,0.0942003,0.0942003,0,0,0,0.070650225
30636,2013/1/5 18:02,3,Audi A6 The Road,,http://www.iqiyi.com/ad/20130105/e3fdcf9771c3bf90.html,64,2018/1/30,1850,17,0.204421204,0.204421204,0.001621404,0.10083673,0.10083673,0.178525085
247696,2013/10/30 10:59,16,Ƶ Ƭ,,http://www.iqiyi.com/v_19rrh88n2k.html,65,2018/1/30,1553,160,1.969697357,1,0.010305677,0.640920421,0.640920421,0.910230105
2161,2017/11/13 11:42,3,ܼȳȥ,֧ʢϺŶӴTVCƪԳΪǣǵľ¼ÿͥSUVӵеþܰ񾲵ķΧȳļ˶Ŀһ£SUV FamilyҲ˲,http://www.iqiyi.com/v_19rrdr60as.html,66,2018/1/30,78,28,0.344196928,0.344196928,0.038703435,2.407005573,1,0.508147696
6463,2016/7/20 22:17,2,棺˵ʲô,ὲ,http://www.iqiyi.com/v_19rrm7by5c.html,67,2018/1/30,558,12,0.142977684,0.142977684,0.00358377,0.222878263,0.222878263,0.162952829
118203,2012/11/9 16:27,6,ⱦ,,http://www.iqiyi.com/ad/20121109/6d21a93e19127fde.html,68,2018/1/30,1907,62,0.765121027,0.765121027,0.003145784,0.195639483,0.195639483,0.622750641
1102,2017/11/8 13:35,0,棺Ҳһ̨Ϸ,ΪףóTransporterʮģáƽ⡢ԡ,http://www.iqiyi.com/v_19rrduhf2s.html,69,2018/1/30,82,13,0.165043734,0.165043734,0,0,0,0.123782801
1200203,2014/10/12 12:56,464,˿ñɱɻ һĸ,СС˿ñܱͷɻķɢ˼άһбɿܣ,http://www.iqiyi.com/v_19rrn5osrs.html,70,2018/1/30,1205,996,12.29208264,1,0.384914947,23.93824798,1,1
117175,2013/2/18 16:05,7,̩̥Ц ԼŮȥ,,http://www.iqiyi.com/ad/20130218/626d64edf71bac5c.html,71,2018/1/30,1806,65,0.80086971,0.80086971,0.003875261,0.241006394,0.241006394,0.660903881
2911,2017/4/11 10:06,0,Ƽþ벻ִ֮,Ƽþ벻⣬۶Զһһ,http://www.iqiyi.com/v_19rrbc0zqc.html,72,2018/1/30,294,10,0.122416777,0.122416777,0,0,0,0.091812582
9935,2017/4/28 12:37,0,·֮̽ؼݿغڿƼ ____,խ᫵ɽ·ϣCT6ˮ㹥ÿһǣѸȵĶ\nĺڿƼüԦ飬ܵҰһص绰ú·ϻ£̳ΪڿƼؾع\n̽ʽƼ콢CT6ļݿغڿƼ,http://www.iqiyi.com/v_19rrazvq4k.html,73,2018/1/30,276,36,0.443646504,0.443646504,0,0,0,0.332734878
5310,2017/4/1 20:57,0,˽ڰԣɳ³,˽һ죬ֹ˾ڱֽϿһ桰ľɳܻһȫ±ʹĳҲСҲ˻һ˽ЦŮԿųȥ,http://www.iqiyi.com/v_19rrb48zi8.html,74,2018/1/30,303,18,0.216268739,0.216268739,0,0,0,0.162201554
211226,2012/11/12 17:08,30,þŵ µR8Ц,,http://www.iqiyi.com/ad/20121112/7803246f696aa06b.html,75,2018/1/30,1904,111,1.369427808,1,0.015753935,0.979753086,0.979753086,0.994938272
1018,2017/10/10 13:07,0,桶ûʲô˲,˵ڸ飬һ˵ûʲô˲һ߿TNGA¼ܹȦ˵ܹ³Ҫǣ賵޼Ȥ飡,http://www.iqiyi.com/v_19rrdxjsnw.html,76,2018/1/30,111,9,0.112765991,0.112765991,0,0,0,0.084574494
3278,2017/5/27 10:12,0,װƿ˹,װƿ˹,http://www.iqiyi.com/v_19rr7cmfvc.html,77,2018/1/30,248,13,0.163465508,0.163465508,0,0,0,0.122599131
2936,2017/5/17 10:25,0,ƭζ֮ƪ,ĳġֵñκξ̥ĴҪá,http://www.iqiyi.com/v_19rr7hd10s.html,78,2018/1/30,258,11,0.14073157,0.14073157,0,0,0,0.105548677
4167,2017/4/10 11:39,0,߿ƼʽƳ³ҵĸ,First SightƵµղMicraStephen Wiltshire֮Google Tilt Brushʷٷֻõ60ʱסµMicraȻȥս仭ʵУǰδʹùĹߡ,http://www.iqiyi.com/v_19rrbbnbpo.html,79,2018/1/30,295,14,0.174678987,0.174678987,0,0,0,0.13100924
2603,2017/6/2 12:03,1,۹ʵӰֻ٩˺·,Ϊ۹ʵӰڵĺ飬Ƴһ֧ΡƬССص٩º·ΪӪ̼ķΧ伫,http://www.iqiyi.com/v_19rr715c2g.html,80,2018/1/30,241,11,0.133071406,0.133071406,0.004140822,0.257521917,0.257521917,0.164184034
24735,2014/8/4 11:24,9,2014µS LineƬ,,http://www.iqiyi.com/v_19rrmtzp10.html,81,2018/1/30,1275,19,0.239600392,0.239600392,0.007061454,0.439158948,0.439158948,0.289490031
4870,2017/5/5 11:09,2,2017ѩһ׼¼ħʦ,죬ѩʱ418ϵйƬƬ·ڷ羰˵ɼ\nһ׵ֳַһλħʦΧ˵Ȥ;ϲ,http://www.iqiyi.com/v_19rr7bsw2o.html,82,2018/1/30,270,18,0.223067906,0.223067906,0.007420175,0.461468161,0.461468161,0.282667969
836,2017/12/4 12:48,1,µ һֻİԶʻ,һֻİԶʻµϡǿߡع飬µϾȻԶʻĴԣ,http://www.iqiyi.com/v_19rre80lig.html,83,2018/1/30,56,15,0.182783965,0.182783965,0.017709563,1.101375558,1,0.387087974
3146,2014/5/13 13:43,0,,,http://www.iqiyi.com/v_19rrhtaxi8.html,84,2018/1/30,1357,2,0.028613154,0.028613154,0,0,0,0.021459865
7714,2014/8/5 12:17,6,Mս汦,,http://www.iqiyi.com/v_19rrmk33b4.html,85,2018/1/30,1273,6,0.074783998,0.074783998,0.004711469,0.293010992,0.293010992,0.129340746
4272,2017/5/17 10:28,0,ƭζ֮ζƪ,ĳġֵñκξ̥ĴҪá,http://www.iqiyi.com/v_19rr7hcwj8.html,86,2018/1/30,258,17,0.204771842,0.204771842,0,0,0,0.153578882
2781,2017/5/16 13:36,0,˰޼֮ܽƪ,˰޼֮ܽƪ,http://www.iqiyi.com/v_19rr7gx8sc.html,87,2018/1/30,258,11,0.132854548,0.132854548,0,0,0,0.099640911
2196,2017/9/4 10:41,0,ģ·ﻻװʽ,һˮֺάسģܵƷƵĵĹʶĿβ֪Ϊʲôе㲻֪ʲôβʣƺһ֧ʽ棬Ҳ˸оӲ,http://www.iqiyi.com/v_19rr8x72p8.html,88,2018/1/30,148,15,0.183739606,0.183739606,0,0,0,0.137804705
530,2017/10/17 13:04,0,׿˹濴ƵϵĲ·,ӣ֪ңΪˣƵϵ֮·ģǻ۴ǧ򻯵ɣ⽫ÿһֵߵĶС׿˹NX˵ˡ·̫˵֮,http://www.iqiyi.com/v_19rre4fhaw.html,89,2018/1/30,104,5,0.062642386,0.062642386,0,0,0,0.04698179
3153,2017/4/3 15:32,0,﷢˽ڿ,﹫˾͸ҵ˽ܹͽ飬ǲǺܿأ,http://www.iqiyi.com/v_19rrb3ed7w.html,90,2018/1/30,301,10,0.129173295,0.129173295,0,0,0,0.096879972
117422,2013/9/19 11:33,7,ҵ ASX,Mitsubishi ASX_ Octopus.,http://www.iqiyi.com/v_19rrhb84q4.html,91,2018/1/30,1594,74,0.909737848,0.909737848,0.004392794,0.273192296,0.273192296,0.75060146
3536,2017/5/5 11:09,0,˹ΪֳŹƵ,˹Ϊ˰Լһֳ̨רΪһ֧ر𾫲ʡĹƬбҪôƴô,http://www.iqiyi.com/v_19rr7bsy9w.html,92,2018/1/30,270,13,0.161964705,0.161964705,0,0,0,0.121473529
2945,2017/4/5 10:38,0,ޣƪ,ƣһʱȥϢɡ,http://www.iqiyi.com/v_19rrb3uuzs.html,93,2018/1/30,300,10,0.121375177,0.121375177,0,0,0,0.091031382
3921,2017/4/5 10:42,0,ޣϳƪ,Ϊϱڻ̵ĵطʱûйϵʱ԰⡣,http://www.iqiyi.com/v_19rrb3uw7s.html,94,2018/1/30,300,13,0.161601521,0.161601521,0,0,0,0.121201141
1554,2017/10/17 13:04,0,ɷֹػ60,ڽƳһ֧60Ĺ棬ӰƬвϤĸŴڰʿ֣׿ǳŲǷƤʿǣԼ񶼱˽ֵ˹пֽڡ,http://www.iqiyi.com/v_19rre4e7b4.html,95,2018/1/30,104,15,0.183672205,0.183672205,0,0,0,0.137754153
6343,2017/9/30 11:34,4,ǿԺ,ĹˡûʧֻδǿػϤ̨֮º족δҲ˷档,http://www.iqiyi.com/v_19rr8r2oa8.html,96,2018/1/30,122,52,0.644433142,0.644433142,0.032916919,2.047136327,1,0.733324857
168,2018/1/16 11:52,0,ձȤζ һݻļУ,ڼУѧǴŶйһЩƵġ಻ԡľŶӡ紵ɹ찤Ǽҳ㷹һֻأУȴԱձ̴󷢹ҵʽ磨DAIHATSU֧վԱһ󣬰ַĽֽѧʽʵĿ꣬ǿϧļУڡ,http://www.iqiyi.com/v_19rreud38k.html,97,2018/1/30,14,12,0.153575096,0.153575096,0,0,0,0.115181322
2669,2017/4/5 10:37,0,ޣƪ,չʾĿѣԵѹƣԼڷǳҪĻڼ䱻·ϵĽž档\n   Щŵʱ̣˾һƽ̨תţڸµ顣,http://www.iqiyi.com/v_19rrb3uu18.html,98,2018/1/30,300,9,0.109999863,0.109999863,0,0,0,0.082499897
2788,2017/6/28 10:36,0,µһA8Ԥȷڴţ,µϷ˶һA8Ԥ棬ģһƷλ(ǱŶ)·治ƽĵطһڣµA8䱸ϵͳ\nͷͷ̽Ӧ·治ƽĵطֱַ֮õϵͳԷӦһ㶼 ?,http://www.iqiyi.com/v_19rr7t5ymo.html,99,2018/1/30,216,13,0.159680513,0.159680513,0,0,0,0.119760385
634,2017/11/24 11:37,1,˹˹ Ů,Ů ʷ񳵵ԭ,http://www.iqiyi.com/v_19rreo8ueg.html,100,2018/1/30,67,10,0.117675833,0.117675833,0.015033983,0.934978538,0.934978538,0.32200151
932,2017/8/30 11:46,1,˹´黳桶еʱܳ,ƬSKODA г2017Ƭ;·ϡһ̬ȡǴС ǣһУôеռĿĵӦʲô,http://www.iqiyi.com/v_19rr8zdq2k.html,101,2018/1/30,153,6,0.075447065,0.075447065,0.006556959,0.407783881,0.407783881,0.158531269
4616,2017/8/11 10:58,2,ŮδԱʱݹ֮ƪ,2017  ʱݹ,http://www.iqiyi.com/v_19rr8gi9eo.html,102,2018/1/30,172,27,0.332213002,0.332213002,0.011658881,0.725077518,0.725077518,0.430429131
5579,2017/6/26 10:56,0,ֶⲨ濴һƤһ,˵ΪŻFMXĵؼ϶\nðʸλɶԸԱĻ,http://www.iqiyi.com/v_19rr7ukoh0.html,103,2018/1/30,218,26,0.316615617,0.316615617,0,0,0,0.237461713
1733,2017/8/11 10:58,0,ŮδԱʱݹ֮ƪ,2017  ʱݹ,http://www.iqiyi.com/v_19rr8gidew.html,104,2018/1/30,172,10,0.124723816,0.124723816,0,0,0,0.093542862
1121,2017/10/25 12:35,0,˧ƷƵǰ,4³ΪƷDSй˵ճϯDS 2018ȫϵᣨ1022գ֮⣬DSһ֧Գ45Ƶ档DS׷ǰеףѡ沨ƽӹҲɾͷǷԭ,http://www.iqiyi.com/v_19rre1bhps.html,105,2018/1/30,96,12,0.143453671,0.143453671,0,0,0,0.107590253
890,2017/9/1 11:11,0,,", ...",http://www.iqiyi.com/v_19rr8y5770.html,106,2018/1/30,151,6,0.072992677,0.072992677,0,0,0,0.054744508
4524,2017/5/13 20:23,1,80ı3ϵ棬û,80ı3ϵ棬û,http://www.iqiyi.com/v_19rr78o13o.html,107,2018/1/30,261,17,0.213872713,0.213872713,0.003829207,0.238142221,0.238142221,0.21994009
11126,2016/8/17 16:04,1,Ů˾γӲ µϴ,Ů˾γӲ µϴ,http://www.iqiyi.com/v_19rrlzxbw8.html,108,2018/1/30,530,21,0.259009905,0.259009905,0.001885616,0.117268383,0.117268383,0.223574525
46734,2013/10/21 14:35,5, ȫ³The new E Classӹ, ȫ³The new E Classӹ,http://www.iqiyi.com/v_19rrh8n7ns.html,109,2018/1/30,1561,30,0.36952589,0.36952589,0.00320227,0.199152398,0.199152398,0.326932517
548373,2016/7/20 22:22,131,ЦΪԹ,ЦΪԹ,http://www.iqiyi.com/v_19rrm7bp14.html,110,2018/1/30,558,983,12.13145432,1,0.234738396,14.59861709,1,1
2742,2017/5/18 10:13,1,񳿣۹ˢȦյ,糿۹Ȧˢյ,http://www.iqiyi.com/v_19rr7ghpkc.html,111,2018/1/30,257,11,0.13194054,0.13194054,0.003897506,0.242389846,0.242389846,0.159552866
16798,2014/6/5 14:54,6,X5 2014 ŷް,,http://www.iqiyi.com/v_19rrhynayc.html,112,2018/1/30,1334,13,0.155418349,0.155418349,0.004496473,0.279640186,0.279640186,0.186473809
751,2017/11/21 11:25,0, ˾ǶȮ,ִ֮ǰƳĴG90档˾һλòŮȥ룬ȻŮǱųȮϳʱ˾üͷÿһλ˾ǰģԼỊ̇ȻֵֻĹϳͿʼӣ̧һ׼,http://www.iqiyi.com/v_19rrefyvnc.html,113,2018/1/30,70,11,0.133360509,0.133360509,0,0,0,0.100020382
13133,2014/8/27 10:45,10,Īε΢Ӱ66Ź·,,http://www.iqiyi.com/v_19rrmmpho4.html,114,2018/1/30,1252,10,0.129550467,0.129550467,0.007990079,0.496911054,0.496911054,0.221390614
51111,2014/8/5 10:11,33, SMART綯,,http://www.iqiyi.com/v_19rrml7iwc.html,115,2018/1/30,1274,40,0.495465687,0.495465687,0.025911299,1.611449734,1,0.621599266
1693,2017/10/25 12:33,0,·Ȥζ桶Ȯӡ,"·Ƴһ֧TVCȮӡ,һȤζԵġͻĳ˹ӵѺ¸ҡ",http://www.iqiyi.com/v_19rre185ow.html,116,2018/1/30,96,18,0.216649036,0.216649036,0,0,0,0.162486777
3930,2017/8/25 11:44,0,̩־֢,־֢̩治ô,http://www.iqiyi.com/v_19rr88pfdk.html,117,2018/1/30,158,25,0.308038729,0.308038729,0,0,0,0.231029047
1265,2017/8/21 13:19,0,ŵҵfreestyle,ⱬĻȶȣŵġBill Renault񵥹ھH5Ҳ罻ýϲֶߡ,http://www.iqiyi.com/v_19rr8b7jxs.html,118,2018/1/30,161,8,0.096736311,0.096736311,0,0,0,0.072552233
9878,2017/3/17 13:17,0,޾ ⴴƬ,,http://www.iqiyi.com/v_19rraf43zo.html,119,2018/1/30,318,31,0.382962696,0.382962696,0,0,0,0.287222022
1534,2017/11/9 11:55,0,ձ桶·仳,ձ²͸Ĺ棺Ⱥʷ/ѩ ƬCMROAD TO YOU -ؤ_-,http://www.iqiyi.com/v_19rrdtvskg.html,120,2018/1/30,82,19,0.232366339,0.232366339,0,0,0,0.174274755
12903,2016/11/10 16:15,2,µϴ棺·,¹ thjnk 湫˾Ƶÿŵַڶ׷һµϳֻΪ˸µϳĻ棬չʾֻаµϷרṩµϳרҵ,http://www.iqiyi.com/v_19rr9ddr10.html,121,2018/1/30,445,29,0.357717033,0.357717033,0.004491123,0.279307461,0.279307461,0.33811464
330,2017/8/28 12:48,0,ȫ̸Ϧ,ڹ·ϵŮ֮У̨ʹǸӲ֪롣һ׽һףȴҲΪˣŮȱ˶İȫ̸𣬿ɷʳá,http://www.iqiyi.com/v_19rr86pdck.html,122,2018/1/30,154,2,0.026375648,0.026375648,0,0,0,0.019781736
1082424,2013/7/2 17:43,65,DiorԸй ϯ⳵װ,DiorԸй ϯ⳵װ One Essential - Beauty Chronicle 1,http://www.iqiyi.com/ad/20130702/2a30d5961b95a4a2.html,123,2018/1/30,1672,647,7.991294027,1,0.038869512,2.417334061,1,1
45581,2016/7/19 13:05,13,棺babyҪ,ɣ棺babyҪܷӴ,http://www.iqiyi.com/v_19rrm83gu0.html,124,2018/1/30,559,81,1.005872106,1,0.023236906,1.44512657,1,1
13045,2016/9/14 10:54,10,漣606βųɹŵƹ,ձHonda Accord Ķŵƹ棬ܲĸ߽ǿιʱĵһӦǣܺðִܴļǲ֪ȫʵĳʱǾˡ\r\n\r\nԱûʹκμͼȫ泵ɡǻҹʱ䣬ڰһ606Σ档ǰϹ̨New Accordⲿ̨һ̨î˾ھεʧԺĳʵĹӰƬ,http://www.iqiyi.com/v_19rr9k5dq4.html,125,2018/1/30,503,26,0.320473685,0.320473685,0.019898683,1.237519095,1,0.490355264
6728,2016/10/3 22:56,2,è NOAH,ձ èNOAH,http://www.iqiyi.com/v_19rr9oixik.html,126,2018/1/30,483,14,0.171958187,0.171958187,0.004140406,0.257496001,0.257496001,0.193342641
22622,2014/7/15 10:11,9,ȫ±Sγ ӹ,,http://www.iqiyi.com/v_19rrhjax3g.html,127,2018/1/30,1295,17,0.215738431,0.215738431,0.006952085,0.432357151,0.432357151,0.269893111
439,2017/10/11 11:21,0,濴ձְ˵ؼ,ǵճһ˵似 ܼ֤ϸµḶ́һ Ҿ㿴һ춼 νְˣܰ,http://www.iqiyi.com/v_19rrdwqzxc.html,128,2018/1/30,111,4,0.049036535,0.049036535,0,0,0,0.036777402
12174,2014/11/4 16:00,7,ֹ ת,ֹ ת֣,http://www.iqiyi.com/v_19rrn2ew0c.html,129,2018/1/30,1182,10,0.127121009,0.127121009,0.005920496,0.368201617,0.368201617,0.187391161
40677,2016/12/26 09:52,9,籾Ĺ棺ӿЧ,籾Ĺ,http://www.iqiyi.com/v_19rr9rezi8.html,130,2018/1/30,400,102,1.256780633,1,0.022523149,1.400737293,1,1
33478,2015/3/9 11:20,5,ԡ桪ű µ,,http://www.iqiyi.com/v_19rro0fdeo.html,131,2018/1/30,1058,32,0.390833416,0.390833416,0.004728008,0.294039588,0.294039588,0.366634959
1750709,2013/9/3 11:00,42,ĳS12 ,ĳSʮڣ,http://www.iqiyi.com/v_19rrhbjkq8.html,132,2018/1/30,1610,1088,13.42875369,1,0.026094385,1.62283607,1,1
51354,2014/8/14 10:17,64,Ȥζ桶Soul,,http://www.iqiyi.com/v_19rrmjsrys.html,133,2018/1/30,1265,41,0.501365961,0.501365961,0.050610028,3.147488559,1,0.626024471
53508,2013/3/21 11:47,6,Audi Commercialµ,,http://www.iqiyi.com/ad/20130321/954d43e6136d6be7.html,134,2018/1/30,1776,30,0.372065842,0.372065842,0.003379313,0.210162851,0.210162851,0.331590094
653176,2013/5/21 16:03,43,2013Ը Ұս㻷Ҫ,"Ը,Ůд,Ц,Ĭ,,2013Ը Ұս㻷Ҫ",http://www.iqiyi.com/ad/20130521/0944cffb61844b51.html,135,2018/1/30,1714,381,4.703914775,1,0.025082667,1.559916311,1,1
50426,2013/3/4 19:49,4,BMW7ϵ ӳ,,http://www.iqiyi.com/ad/20130304/9e8ad78b2b38cc87.html,136,2018/1/30,1792,28,0.347374745,0.347374745,0.002231926,0.138805709,0.138805709,0.295232486
536,2017/9/1 11:09,0,½ݴŮ衶Call Me ˾,Ů½ݴ˾Խĳ֮䣬ͨӵġڻԭ˾ʵɱɨƽũҩMVPܵʱֳ½ݴ˾ơмգ֪֪֪ȤůĴһ߷ⷢȡ,http://www.iqiyi.com/v_19rr8y4zmo.html,137,2018/1/30,151,4,0.043959229,0.043959229,0,0,0,0.032969422
57123,2012/11/9 15:33,8,ȫBMW5ϵLI֮·֮ù,,http://www.iqiyi.com/ad/20121109/3ca497c238207313.html,138,2018/1/30,1907,30,0.36974653,0.36974653,0.004194296,0.260847515,0.260847515,0.342521777
124581,2013/2/17 15:59,11,ڳ㴴 Ϊ֮С,,http://www.iqiyi.com/ad/20130217/8c42a7c58e34ded6.html,139,2018/1/30,1807,69,0.851015274,0.851015274,0.006086313,0.378513911,0.378513911,0.732889933
17985,2014/6/5 10:00,5,ӳԵ ʱ911 GT3Ƭ,,http://www.iqiyi.com/v_19rrhzt63s.html,140,2018/1/30,1335,13,0.166375247,0.166375247,0.003746488,0.232997839,0.232997839,0.183030895
57767,2013/1/15 15:47,15, Think Blue,,http://www.iqiyi.com/ad/20130115/e2de7af833bb6dfb.html,141,2018/1/30,1840,31,0.387529849,0.387529849,0.008150657,0.506897584,0.506897584,0.417371783
188925,2013/6/19 13:19,14,Cedar Point⹫԰ ֲɽ,Cedar Point⹫԰ ֲɽ,http://www.iqiyi.com/ad/20130619/c9b7f5ddb61d8a0c.html,142,2018/1/30,1685,112,1.383881099,1,0.008306411,0.516584059,0.516584059,0.879146015
78133,2014/7/8 18:56,37,籭 ڰ,,http://www.iqiyi.com/v_19rrhjth2s.html,143,2018/1/30,1301,60,0.741328513,0.741328513,0.028435048,1.768404236,1,0.805996385
468291,2013/8/25 17:54,26,̽  ݱ,Benedict Cumberbatch - Jaguar _Alive_ ads,http://www.iqiyi.com/v_19rrgijr2w.html,144,2018/1/30,1618,289,3.572671166,1,0.016066697,0.999204082,0.999204082,0.99980102
26137,2014/10/16 11:05,7,ʷȴ ȳһֳ,ʷȴ棬ȳһֳС,http://www.iqiyi.com/v_19rrn4xjlc.html,145,2018/1/30,1202,22,0.268560493,0.268560493,0.005825866,0.362316444,0.362316444,0.29199948
183139,2012/11/14 17:28,5, ķ,,http://www.iqiyi.com/ad/20121114/e014468797b8f9f2.html,146,2018/1/30,1902,96,1.188590186,1,0.002628436,0.163465054,0.163465054,0.790866264
76164,2013/2/22 16:04,4,ڽݴﰲȫ Ӥ,,http://www.iqiyi.com/ad/20130222/2037acfb8e1a2676.html,147,2018/1/30,1802,42,0.521722139,0.521722139,0.002219349,0.13802353,0.13802353,0.425797487
106218,2013/2/26 16:07,7,2013ִ-Ưƪ,,http://www.iqiyi.com/ad/20130226/f057b7a16ad7550b.html,148,2018/1/30,1798,59,0.729210758,0.729210758,0.003892504,0.242078715,0.242078715,0.607427747
412,2017/11/17 15:15,1,··С,ԭ··С,http://www.iqiyi.com/v_19rreiv8n0.html,149,2018/1/30,73,6,0.06933216,0.06933216,0.013630555,0.847697945,0.847697945,0.263923606
72619,2013/1/15 15:48,6, ӽ,,http://www.iqiyi.com/ad/20130115/b8227c217264dff9.html,150,2018/1/30,1840,39,0.487164656,0.487164656,0.003260264,0.20275911,0.20275911,0.41606327
37116,2012/12/20 15:51,0,MINI COOPER Լп,MINI COOPER Լп,http://www.iqiyi.com/ad/20121220/dadc25e8ec3aa03a.html,151,2018/1/30,1866,20,0.245524292,0.245524292,0,0,0,0.184143219
113,2018/1/24 11:48,0,ִƬ Ԥ2018,201852쳬뿪Ѿеʱ׶Σִȷһ֧ԤƬΪ䳬ӪԤȡ,http://www.iqiyi.com/v_19rrfjkuy8.html,152,2018/1/30,6,21,0.253269095,0.253269095,0,0,0,0.189951821
1060259,2012/7/25 08:48,1,ǹ ɱһ,ǹ ɱһ,http://www.iqiyi.com/v_19rrk66x4k.html,153,2018/1/30,2015,526,6.497404725,1,0.000496368,0.03086964,0.03086964,0.75771741
467,2017/10/30 14:33,0,游ĸġķǡҸȱϯ,ҸȱϯǱһcampaignĴ⣬ͬһյľ񺰻ͨһγ԰ףСĸԼչˡ˵ùԼȥʡ˼,http://www.iqiyi.com/v_19rrdpfzys.html,154,2018/1/30,91,5,0.063084745,0.063084745,0,0,0,0.047313559
98002,2012/12/20 15:49,6,MINI COOPER 2012ȫ,,http://www.iqiyi.com/ad/20121220/b6fa0095d14e6ced.html,155,2018/1/30,1866,53,0.6482879,0.6482879,0.003214847,0.199934548,0.199934548,0.536199562
49758,2013/2/22 16:00,2,ڴЦ ԺЦܴȾ,,http://www.iqiyi.com/ad/20130222/f31979cd7109c156.html,156,2018/1/30,1802,28,0.340840951,0.340840951,0.001109673,0.069011659,0.069011659,0.272883628
59139,2012/11/9 16:21,3,BMW5ϵLI,,http://www.iqiyi.com/ad/20121109/0b5905b90053e5d2.html,157,2018/1/30,1907,31,0.382802412,0.382802412,0.001572889,0.097819528,0.097819528,0.311556691
537,2017/10/24 11:59,0,Զһ,ںУǰ,http://www.iqiyi.com/v_19rre235nc.html,158,2018/1/30,98,6,0.067997124,0.067997124,0,0,0,0.050997843
281,2017/8/22 12:01,0,ձٽĲпᱯ,ٽTOYOTAӣȥ24СʱֳTOYOTAӳսֵ껪ʼTOYOTAŬս֮𱻱˳ʲ_壿,http://www.iqiyi.com/v_19rr8ala74.html,159,2018/1/30,160,2,0.021615094,0.021615094,0,0,0,0.016211321
48820,2012/11/9 11:38,0,1ϵ˶γ,,http://www.iqiyi.com/ad/20121109/c4f03c301e9cce51.html,160,2018/1/30,1908,26,0.315975724,0.315975724,0,0,0,0.236981793
1674,2016/9/18 11:41,0,˧һֵֻ̥,˧»̥棬,http://www.iqiyi.com/v_19rr9ip30o.html,161,2018/1/30,499,3,0.041457467,0.041457467,0,0,0,0.0310931
78159,2012/10/22 16:29,4,The Bark Side  ,,http://www.iqiyi.com/ad/20121022/863fefe211fdbfc4.html,162,2018/1/30,1925,41,0.501189051,0.501189051,0.002077584,0.129207044,0.129207044,0.408193549
1404,2016/9/20 11:30,0,ִ֮,"ִ,ִ1947꣬ΪƷƣҪsuvͨýγ",http://www.iqiyi.com/v_19rr9hyrhc.html,163,2018/1/30,497,3,0.034910302,0.034910302,0,0,0,0.026182726
26451,2012/11/7 17:24,2,Ľݹ ʥڵ12,,http://www.iqiyi.com/ad/20121107/e682b918a185f7a5.html,164,2018/1/30,1909,14,0.171039956,0.171039956,0.001047518,0.065146201,0.065146201,0.144566518
20051,2015/1/9 10:43,15,ͷСг𺳵,,http://www.iqiyi.com/v_19rrnwz73w.html,165,2018/1/30,1117,18,0.221707548,0.221707548,0.013434198,0.835486271,0.835486271,0.375152229
1072479,2013/4/22 16:59,18, ǵС,棬ǵС㡣,http://www.iqiyi.com/v_19rrg54ui8.html,166,2018/1/30,1743,615,7.595258119,1,0.01032529,0.642140207,0.642140207,0.910535052
100654,2013/2/16 17:50,5,KIA ֻ͢ƪ,,http://www.iqiyi.com/ad/20130216/7a724855bf6d25dc.html,167,2018/1/30,1808,56,0.687218535,0.687218535,0.002765094,0.171963964,0.171963964,0.558404892
52677,2013/1/15 15:49,10,ﻷ ,,http://www.iqiyi.com/ad/20130115/c2509c629b5096f0.html,168,2018/1/30,1840,29,0.353383857,0.353383857,0.005433776,0.337931978,0.337931978,0.349520887
294817,2012/12/21 10:58,15,ĩձѩȫǿֻţ洴,,http://www.iqiyi.com/ad/20121221/ebf9f4a1ea9a7393.html,169,2018/1/30,1866,158,1.951062643,1,0.008040554,0.500050157,0.500050157,0.875012539
72361,2012/11/9 15:34,3,ȫBMW5ϵLI,,http://www.iqiyi.com/ad/20121109/ec4015689b6369bf.html,170,2018/1/30,1907,38,0.468379434,0.468379434,0.001572862,0.097817854,0.097817854,0.375739039
100522,2013/1/15 15:48,2, ƪ,,http://www.iqiyi.com/ad/20130115/50fb5007c480c7a1.html,171,2018/1/30,1840,55,0.674351968,0.674351968,0.001086755,0.06758637,0.06758637,0.522660569
59694,2012/11/9 15:32,1,MINI COUNTRYMAN漫սƪ,,http://www.iqiyi.com/ad/20121109/743dac012ade160f.html,172,2018/1/30,1907,31,0.386387993,0.386387993,0.000524287,0.032605928,0.032605928,0.297942477
47777,2012/11/9 15:32,0,ҹϵͳ,,http://www.iqiyi.com/ad/20121109/ca7a3788b879fa3c.html,173,2018/1/30,1907,25,0.309251502,0.309251502,0,0,0,0.231938627
3703,2017/1/23 12:04,1,ѡڼ,СǴҺãƼھʵ֮һոƵĽĿըңôҿˬ⿴ôأǻ֪ܶʶ,http://www.iqiyi.com/v_19rramav9c.html,174,2018/1/30,371,10,0.123061473,0.123061473,0.00269181,0.167406384,0.167406384,0.134147701
15634,2012/12/11 18:06,3,LUXGEN_ǽ__,,http://www.iqiyi.com/ad/20121211/0cb0b59e6b382489.html,175,2018/1/30,1875,8,0.102928553,0.102928553,0.00159979,0.099492566,0.099492566,0.102069556
573,2017/10/17 13:07,0,Զ澳µӲɾ,"š ҡľ, #smartPopUpTaipei ƷƸ̨Ļôײɫ, ͬʱ̨֪ͿѻBOUNCEרͼڡ",http://www.iqiyi.com/v_19rre4irpw.html,176,2018/1/30,104,5,0.067726044,0.067726044,0,0,0,0.050794533
480,2017/11/17 15:13,0,Ѫ֮ƪ,գƷƷToyotaǰΪƹƷƸTNGAToyota New Global Architectureȫȫ򻯼ܹչ˴Χ֧ѪTVCƪ͡Ԧƪ,http://www.iqiyi.com/v_19rreiw7lg.html,177,2018/1/30,73,7,0.080773802,0.080773802,0,0,0,0.060580352
300,2017/10/25 12:35,0,Ĭ濴Ƥ,ͼȺԷƤȴܵǵ裺Ҫ󳪸貢衣ʱһʻղTitanƤ˧˴е,http://www.iqiyi.com/v_19rre1bgaw.html,178,2018/1/30,96,3,0.038390813,0.038390813,0,0,0,0.02879311
1025,2017/9/21 11:29,0,NIKEԶϺ·ֻΪһȫ,NIKE,http://www.iqiyi.com/v_19rr8mpbfo.html,179,2018/1/30,131,8,0.09695399,0.09695399,0,0,0,0.072715492
1471,2017/9/5 10:52,0,µйÿһԤıڿռ,ÿһԤıװģװģҪװģͳͳװαؾڿռƣµA6 Avant 1680Lռ䣬װĻ壬װĴװС;УżȻ㻭ϼʣǷ羰δиδ֪Ҫ¼ͰµA6 Avant껪 һˢ֪,http://www.iqiyi.com/v_19rr8wmj58.html,180,2018/1/30,147,10,0.123925035,0.123925035,0,0,0,0.092943776
94867,2013/2/16 17:52,30,KIA δսƪ,,http://www.iqiyi.com/ad/20130216/b33679e72bacb363.html,181,2018/1/30,1808,52,0.647708098,0.647708098,0.016590575,1.031784578,1,0.735781073
24558,2017/1/24 16:45,2,2017ǿŶֳٷ棡,2017119գżʽ֪ӰǿΪŵƷˣ2017ȫλƷӪĻӫϣǿһֱʵŵƣǡŶֳԳŷΪҵϡ,http://www.iqiyi.com/v_19rralmv08.html,182,2018/1/30,370,66,0.818767899,0.818767899,0.005400996,0.335893365,0.335893365,0.698049266
4478,2016/7/18 17:27,0,ܰ ؼƪ,ܰ-hans films - vw go homeؼƪй棩,http://www.iqiyi.com/v_19rrm7woso.html,183,2018/1/30,560,8,0.098675294,0.098675294,0,0,0,0.07400647
48353,2012/11/9 11:59,1,ƽʾϵͳ,,http://www.iqiyi.com/ad/20121109/23b6eecdf4064d03.html,184,2018/1/30,1908,25,0.312955571,0.312955571,0.000524246,0.032603399,0.032603399,0.242867528
27938,2013/2/16 17:49,3,Nissanղ  ,,http://www.iqiyi.com/ad/20130216/4e6f15b42367eb8d.html,185,2018/1/30,1808,15,0.190747552,0.190747552,0.001659056,0.103178339,0.103178339,0.168855248
17785,2013/2/26 17:20,0,2013ִʥƹ-ƪ,,http://www.iqiyi.com/ad/20130226/686f0b5fdabcb795.html,186,2018/1/30,1798,10,0.122101517,0.122101517,0,0,0,0.091576138
58764,2013/2/26 15:40,3,2013ִ-жƪ,,http://www.iqiyi.com/ad/20130226/8a410b8cbd403674.html,187,2018/1/30,1798,33,0.403424035,0.403424035,0.001668198,0.103746939,0.103746939,0.328504761
863,2017/8/2 09:36,0,ŵ澪ĴŮ,ŵF140֮ʣŵӢŮRosemary SmithԼŵRenault R.S.17һʽ2017꣬510գ79˹ ʷ˹Ϊʻ800ϵ,http://www.iqiyi.com/v_19rr8c98h4.html,188,2018/1/30,181,5,0.058995246,0.058995246,0,0,0,0.044246435
410,2017/8/29 11:17,0,ȥǰѻһ׼,ȥǰѻر,http://www.iqiyi.com/v_19rr901pi4.html,189,2018/1/30,154,3,0.032969698,0.032969698,0,0,0,0.024727273
264,2017/8/7 11:01,0,ʯٺӺ߳賬,ʯٺӽǴDAIHATSUMOVEߣ߳裬ʵ47꿴ȥ35ķϣȫýܳӵܣðٺ֤Ʒƶжģ,http://www.iqiyi.com/v_19rr8j2e5g.html,190,2018/1/30,176,2,0.018567327,0.018567327,0,0,0,0.013925496
50130,2013/1/6 16:59,1,ȫ ʦƪ,,http://www.iqiyi.com/ad/20130106/64f7a94fa14f4013.html,191,2018/1/30,1849,27,0.33466947,0.33466947,0.000540747,0.033629624,0.033629624,0.259409509
634109,2013/1/6 16:57,26,Old Spice Ц Ħг,,http://www.iqiyi.com/ad/20130106/bbe55040941f4d40.html,192,2018/1/30,1849,343,4.233328623,1,0.014059421,0.874369563,0.874369563,0.968592391
1353,2016/10/8 10:03,0,ȥձԶ壡TOYOTA,TOYOTA ձĻ,http://www.iqiyi.com/v_19rr9o4hhg.html,193,2018/1/30,479,3,0.034903267,0.034903267,0,0,0,0.026177451
50803,2013/5/17 16:59,6,Smart ,Smart ,http://www.iqiyi.com/ad/20130517/19d0382666aba4f6.html,194,2018/1/30,1718,30,0.365019669,0.365019669,0.003491839,0.217160972,0.217160972,0.328054995
1146,2017/8/24 17:48,1,2017ȫԴcx-3Ƭ,,http://www.iqiyi.com/v_19rr89l11o.html,195,2018/1/30,158,7,0.089400922,0.089400922,0.006318783,0.392971449,0.392971449,0.165293554
6961,2016/7/21 11:11,4,棺 ĺܲһ,VOLVO S60  ĺܲһٷ桿,http://www.iqiyi.com/v_19rrm7fc5k.html,196,2018/1/30,558,12,0.154143147,0.154143147,0.00717445,0.446186266,0.446186266,0.227153927
2559,2014/8/14 11:16,9, let your body drive,,http://www.iqiyi.com/v_19rrmjs60g.html,197,2018/1/30,1265,2,0.02498417,0.02498417,0.007117266,0.44262992,0.44262992,0.129395607
1105299,2013/9/6 15:36,41,̼Ըйɽ durex˹,,http://www.iqiyi.com/v_19rrhblzg0.html,198,2018/1/30,1606,688,8.495003597,1,0.025523703,1.587344767,1,1
56527,2013/2/26 15:58,1,2013ִ-λƪ,,http://www.iqiyi.com/ad/20130226/5d69dc78c8204684.html,199,2018/1/30,1798,31,0.388069379,0.388069379,0.00055607,0.034582553,0.034582553,0.299697672
110272,2012/11/9 11:59,8,´,,http://www.iqiyi.com/ad/20121109/523345898aa08e91.html,200,2018/1/30,1908,58,0.713714491,0.713714491,0.00419397,0.260827193,0.260827193,0.600492666
144700,2013/2/22 16:02,2,ڽݴ2013Ц һֻĴ,,http://www.iqiyi.com/ad/20130222/5cdc7ee9bd834106.html,201,2018/1/30,1802,80,0.991191841,0.991191841,0.001109674,0.069011712,0.069011712,0.760646809
52460,2013/1/15 15:48,0,Golf GTI Cabriolet 糵ƪ,,http://www.iqiyi.com/ad/20130115/a5a952166e07ae70.html,202,2018/1/30,1840,29,0.351927979,0.351927979,0,0,0,0.263945984
222,2017/11/27 12:33,0,· ӢŮݶԾӾ,ˮԳҲ£ӢŮݶԾӾ,http://www.iqiyi.com/v_19rrem6ue4.html,203,2018/1/30,63,3,0.043177747,0.043177747,0,0,0,0.03238331
388,2017/11/17 15:14,0,Ѫ֮Ԧƪ,գƷƷToyotaǰΪƹƷƸTNGAToyota New Global Architectureȫȫ򻯼ܹչ˴Χ֧ѪTVCƪ͡Ԧƪ,http://www.iqiyi.com/v_19rreiwbn8.html,204,2018/1/30,73,5,0.065292775,0.065292775,0,0,0,0.048969581
475,2017/11/17 15:11,0,ְȥĶ롰·ˡJeep,ǽĿָó⣬5ְȥĶJeepҲڲϷḻԼ˸ͨڰְֺͺ֮䣬һͿĿĹͬĵĽ,http://www.iqiyi.com/v_19rreir77g.html,205,2018/1/30,73,6,0.079930896,0.079930896,0,0,0,0.059948172
32335,2014/6/20 09:41,42,12걼CLSӾƬ,,http://www.iqiyi.com/v_19rrhw9rak.html,206,2018/1/30,1320,25,0.302521099,0.302521099,0.03182791,1.97940978,1,0.476890824
291,2017/11/8 13:40,0,棺ưſġϲ,ӾưɳһĻɵ,http://www.iqiyi.com/v_19rrdumrzo.html,207,2018/1/30,82,4,0.043584165,0.043584165,0,0,0,0.032688124
278,2017/10/30 14:34,0,¾Ʒɳʵȷ򿪷ʽ,Ϳѻʵ࣬ĻͿѻͿѻΪеfreestyleЩͿѻΧҲŨԽԽ˼Уô̬ȡ,http://www.iqiyi.com/v_19rrdpg610.html,208,2018/1/30,91,3,0.037553945,0.037553945,0,0,0,0.028165459
15044,2013/2/26 17:31,1,2013ִſ˹-ٿƪ,,http://www.iqiyi.com/ad/20130226/cfdc0a00c0f05431.html,209,2018/1/30,1798,8,0.103283836,0.103283836,0.00055609,0.034583795,0.034583795,0.086108826
266,2017/11/16 14:39,0,˹Ķ,װˣ Һң õ΢İϧ رݶ飬Ϊ㵲 _δҶȥ,http://www.iqiyi.com/v_19rrejc6xs.html,210,2018/1/30,74,4,0.044146215,0.044146215,0,0,0,0.033109662
202346,2013/2/25 18:34,16,λܳӵ ԤƬ,,http://www.iqiyi.com/ad/20130225/f9dc7819eb39a302.html,211,2018/1/30,1799,112,1.388458102,1,0.008892711,0.553046637,0.553046637,0.888261659
40005,2013/1/9 13:44,2,ղLEAF100%綯 㻹,,http://www.iqiyi.com/ad/20130109/15b6f25ba31b7a85.html,212,2018/1/30,1846,22,0.267488994,0.267488994,0.001083173,0.067363595,0.067363595,0.217457644
19563,2013/4/28 17:20,0,̽貽 Ů㵹 ˹´ſ,̽貽 Ů㵹 ˹´ſ,http://www.iqiyi.com/ad/20130428/74fec879680b9882.html,213,2018/1/30,1737,11,0.139024121,0.139024121,0,0,0,0.104268091
15659,2012/12/20 15:52,15,MINI COOPER ³ܳ Ȥӱ,,http://www.iqiyi.com/ad/20121220/7ee00c6f0708d68e.html,214,2018/1/30,1866,8,0.103585147,0.103585147,0.008037126,0.499836928,0.499836928,0.202648092
31416,2013/1/16 10:49,1,Lexus׿˹,,http://www.iqiyi.com/ad/20130116/93ad5cb77b863cb5.html,215,2018/1/30,1840,17,0.210845057,0.210845057,0.000543611,0.033807741,0.033807741,0.166585728
423704,2013/1/6 17:31,6,Ford Go Further,,http://www.iqiyi.com/ad/20130106/91469d0894f68014.html,216,2018/1/30,1849,229,2.828695338,1,0.003244523,0.201780168,0.201780168,0.800445042
194799,2015/11/2 18:14,16,ȫһ;۹,,http://www.iqiyi.com/v_19rrkqmank.html,217,2018/1/30,819,238,2.935617004,1,0.01953029,1.214608377,1,1
248,2017/10/25 12:34,0,۹濴ſᳵֶӻݣFollow,ܸ÷˹۵X-ClassƤ÷˹һ֧桶FollowˡֶӻߵġڡͨչʾͬͬȺԱ X-Class ׷Ӫ䡰ΪС,http://www.iqiyi.com/v_19rre1b900.html,218,2018/1/30,96,3,0.031736177,0.031736177,0,0,0,0.023802133
71561,2013/10/9 14:55,12,125 괴桪ܵ,Mercedes-Benz - 125 Years _Welcome_ - Super Bowl 45 Ad,http://www.iqiyi.com/v_19rrha5x6k.html,219,2018/1/30,1573,45,0.561522502,0.561522502,0.0076269,0.474324577,0.474324577,0.539723021
12316,2014/8/8 15:04,15,׿ǳ,,http://www.iqiyi.com/v_19rrmkgu10.html,220,2018/1/30,1270,10,0.119691321,0.119691321,0.011807563,0.734324225,0.734324225,0.273349547
3584,2016/8/13 14:29,2,岻ƭ ֵ,岻ƭ ֵİµ,http://www.iqiyi.com/v_19rrm18xjw.html,221,2018/1/30,534,7,0.082799619,0.082799619,0.003742539,0.232752285,0.232752285,0.120287786
993,2017/10/26 10:06,0,йֻۼ۱15% ׿˹Զʻ,01/йֻƽۼ۱15%\n02/iPhoneXֻƻµҲһЩ\n03/2500ԪԶֻ?\n04/׿˹ԶʻLS+,http://www.iqiyi.com/v_19rre0bkyc.html,222,2018/1/30,96,10,0.128265535,0.128265535,0,0,0,0.096199151
13074,2013/2/26 17:59,1,2013ִ-Thanksƪ,,http://www.iqiyi.com/ad/20130226/ec07f39bd0064bc8.html,223,2018/1/30,1798,7,0.089759869,0.089759869,0.000556096,0.034584169,0.034584169,0.075965944
387,2017/10/25 12:36,0,濴˧ʨΨһȤ,ǱʿΪ2017ȫµS-Classһ...,http://www.iqiyi.com/v_19rre1bum8.html,224,2018/1/30,96,4,0.049524505,0.049524505,0,0,0,0.037143379
570,2017/10/11 11:24,0,˭˵ᵶᰮǰ,˶ģȡģһˣһ...,http://www.iqiyi.com/v_19rrdws760.html,225,2018/1/30,111,5,0.063670506,0.063670506,0,0,0,0.047752879
1034,2014/7/17 15:43,0,  MINIȫϵʹ,,http://www.iqiyi.com/v_19rrhig27o.html,226,2018/1/30,1292,1,0.009877931,0.009877931,0,0,0,0.007408448
1356,2017/8/18 13:55,0,ԫȷƪ,ԫ·ɰ,http://www.iqiyi.com/v_19rr83d15g.html,227,2018/1/30,164,8,0.101818958,0.101818958,0,0,0,0.076364218
53422,2012/12/11 18:03,7,MINI COOPER  ,,http://www.iqiyi.com/ad/20121211/8cdea3353b4326d1.html,228,2018/1/30,1875,28,0.351710569,0.351710569,0.00373284,0.232149062,0.232149062,0.321820192
1372,2014/9/2 15:09,1,Justin Timberlake ΢Ӱ,,http://www.iqiyi.com/v_19rrmm566w.html,229,2018/1/30,1245,1,0.01360129,0.01360129,0.000802975,0.049937825,0.049937825,0.022685424
41353,2015/9/16 11:18,4,棡,ô滹ͷһؿ!,http://www.iqiyi.com/v_19rrocy2zk.html,230,2018/1/30,867,48,0.589179739,0.589179739,0.004616117,0.287080961,0.287080961,0.513655045
474577,2014/3/16 17:56,24,ŮĨ ռլ,ҪΪڹ㣬ʵǱϷŪ,http://www.iqiyi.com/v_19rrh4x0ko.html,231,2018/1/30,1415,335,4.139964703,1,0.016958101,1.054641389,1,1
40880,2016/7/18 14:55,5,ʷ,ʷ  Źȥ,http://www.iqiyi.com/v_19rrm7wzog.html,232,2018/1/30,560,73,0.900644522,0.900644522,0.008922541,0.554901817,0.554901817,0.814208846
7478,2016/7/21 11:13,1,Ȥ棺,VOLVO XC60 TVC  ,http://www.iqiyi.com/v_19rrm7iyvg.html,233,2018/1/30,558,13,0.165591916,0.165591916,0.001793617,0.111546844,0.111546844,0.152080648
54751,2012/12/18 17:57,5,k5,,http://www.iqiyi.com/ad/20121218/5de83567d693ec65.html,234,2018/1/30,1868,29,0.361809985,0.361809985,0.002676298,0.166441689,0.166441689,0.312967911
44308,2013/1/9 13:44,4,ڽݴƪ ޷ĵһ,,http://www.iqiyi.com/ad/20130109/8c7c02a0bd94ce7d.html,235,2018/1/30,1846,24,0.296260526,0.296260526,0.002166345,0.13472719,0.13472719,0.255877192
4221,2012/12/21 11:15,0,MINI COOPER Crashed Ice World Championship,,http://www.iqiyi.com/ad/20121221/f59671ee3e1bec1d.html,236,2018/1/30,1866,2,0.027934236,0.027934236,0,0,0,0.020950677
76846,2013/1/6 16:59,5, ΪͣȥͿָ,,http://www.iqiyi.com/ad/20130106/63b3c07d30c7c724.html,237,2018/1/30,1849,42,0.513026334,0.513026334,0.002703737,0.168148119,0.168148119,0.42680678
26067,2013/2/26 16:23,1,2013ִ-Ͷƪ,,http://www.iqiyi.com/ad/20130226/3c4cefc81abde72a.html,238,2018/1/30,1798,14,0.178956997,0.178956997,0.000556075,0.034582887,0.034582887,0.142863469
26695,2013/2/26 16:14,0,2013ִ-ؼƪ,,http://www.iqiyi.com/ad/20130226/9c61653de63b7739.html,239,2018/1/30,1798,15,0.183267749,0.183267749,0,0,0,0.137450812
483,2017/8/11 15:23,0,Ϊڡѩԭ糡ڶƪ,Ϊڡѩԭ糡ڶƪ,http://www.iqiyi.com/v_19rr8grw2s.html,240,2018/1/30,171,3,0.034798787,0.034798787,0,0,0,0.02609909
75542,2012/11/9 15:34,0,BMWΪȫԸ,,http://www.iqiyi.com/ad/20121109/b63a90a2dbefdcd8.html,241,2018/1/30,1907,40,0.488969462,0.488969462,0,0,0,0.366727096
269,2017/9/5 10:52,0,̬Ůպת,ԼʧԼѷ´ҪʱѧѧӰƬ_ķʽûϵ_ü...,http://www.iqiyi.com/v_19rr8wmg7k.html,242,2018/1/30,147,2,0.022662022,0.022662022,0,0,0,0.016996516
8192,2016/7/20 16:58,2,ʱ һ·,ʱ Ӣ һ·,http://www.iqiyi.com/v_19rrm78ksw.html,243,2018/1/30,558,15,0.181155567,0.181155567,0.003582348,0.222789827,0.222789827,0.191564132
18655,2013/3/20 15:21,3,ѩС-1,,http://www.iqiyi.com/ad/20130320/a5893e6e6bfade93.html,244,2018/1/30,1776,11,0.129654661,0.129654661,0.001688846,0.105031061,0.105031061,0.123498761
20523,2016/7/19 17:59,1,,BMW 3 Series E92 Coupe TVC AD ˫,http://www.iqiyi.com/v_19rrm6y5nw.html,245,2018/1/30,559,37,0.453062671,0.453062671,0.001788107,0.111204165,0.111204165,0.367598044
3053,2016/7/19 13:52,1,ŵ棺ƶδʽ,ŵǽ棺ƶδʽ,http://www.iqiyi.com/v_19rrm8477c.html,246,2018/1/30,559,5,0.067376905,0.067376905,0.001787559,0.111170068,0.111170068,0.078325196
1098,2016/7/22 17:50,0, ZOOM-ZOOM, ZOOM-ZOOM,http://www.iqiyi.com/v_19rrmgn0gc.html,247,2018/1/30,556,2,0.024369738,0.024369738,0,0,0,0.018277304
24796,2016/7/21 11:15,1,д װ,ֶ  д,http://www.iqiyi.com/v_19rrm7ijws.html,248,2018/1/30,558,44,0.549080955,0.549080955,0.001793621,0.111547122,0.111547122,0.439697497
19230,2014/9/3 10:59,6,ֲվ Ʒ,,http://www.iqiyi.com/v_19rrmm91y0.html,249,2018/1/30,1245,15,0.190762747,0.190762747,0.004821049,0.299825904,0.299825904,0.218028537
20807,2016/11/24 13:44,7,ͷջ,㳵ŮԹž,http://www.iqiyi.com/v_19rra339wg.html,250,2018/1/30,431,48,0.595422622,0.595422622,0.016225195,1.009061233,1,0.696566966
38831,2012/12/19 11:20,0,MINI COOPER 㳵,,http://www.iqiyi.com/ad/20121219/d120b0193221f02a.html,251,2018/1/30,1868,21,0.256705677,0.256705677,0,0,0,0.192529257
5489,2012/12/17 11:53,3,˹1977,,http://www.iqiyi.com/ad/20121217/f9a7feb1105eb8e5.html,252,2018/1/30,1870,3,0.036248547,0.036248547,0.001604703,0.099798093,0.099798093,0.052135933
39860,2013/2/26 15:49,3,2013ִ-ٶȼƪ,,http://www.iqiyi.com/ad/20130226/2ccd476b517cf51f.html,253,2018/1/30,1798,22,0.273646075,0.273646075,0.001668204,0.1037473,0.1037473,0.231171381
30008,2012/11/13 10:06,1,һ ̬ۺϹƪ,,http://www.iqiyi.com/ad/20121113/47bcd17c9d245b40.html,254,2018/1/30,1904,16,0.194621168,0.194621168,0.000525326,0.032670565,0.032670565,0.154133518
12771,2012/12/19 12:50,2,MINI COOPER MINI,,http://www.iqiyi.com/ad/20121219/29a8c9df33275215.html,255,2018/1/30,1867,7,0.084429912,0.084429912,0.00107097,0.066604726,0.066604726,0.079973616
11198,2013/2/26 17:10,0,2013ִʥƹ-ѩƪ,,http://www.iqiyi.com/ad/20130226/ccab8603ac20e8e8.html,256,2018/1/30,1798,6,0.07687869,0.07687869,0,0,0,0.057659018
90847,2013/2/27 10:55,2,2013 ִ ,,http://www.iqiyi.com/ad/20130227/1a8f81c9c7c19a9f.html,257,2018/1/30,1798,51,0.623957132,0.623957132,0.001112629,0.069195488,0.069195488,0.485266721
22085,2016/9/14 10:54,0,µϳԹ棺ѡг,µϳԹ棺ѡг,http://www.iqiyi.com/v_19rr9k5ifo.html,258,2018/1/30,503,44,0.542557404,0.542557404,0,0,0,0.406918053
1248,2017/7/18 11:15,0,ŮѼӸ֮ԫºڳ̸,ԫ¹ԼǴ TOYOTA NOAHȥ궼öAϵеĽɫν۲¿NOAHȻӵ㿴Ůһ˳ἰֽͬıͬʱNOAHķҲˡCMTOYOTAĻ档,http://www.iqiyi.com/v_19rr7icpvo.html,259,2018/1/30,196,6,0.078799303,0.078799303,0,0,0,0.059099477
31928,2013/1/4 15:24,6,Dakar 2013 Smart Feber,,http://www.iqiyi.com/ad/20130104/eccffe0f0736f637.html,260,2018/1/30,1851,17,0.212914479,0.212914479,0.003240864,0.201552575,0.201552575,0.210074003
5746,2016/7/19 17:53,0,棺Ưƣ,BMW  Ưƣ,http://www.iqiyi.com/v_19rrm6xcvw.html,261,2018/1/30,559,10,0.126846889,0.126846889,0,0,0,0.095135167
37669,2013/1/25 15:32,0,ʱ911Carrera4㻨 һ׼,,http://www.iqiyi.com/ad/20130125/d5a2202ce3b7caec.html,262,2018/1/30,1830,21,0.254081624,0.254081624,0,0,0,0.190561218
30251,2013/2/26 16:40,0,2013ִʥƹCheckƪ,,http://www.iqiyi.com/ad/20130226/8a733ed814405ab5.html,263,2018/1/30,1798,17,0.20768265,0.20768265,0,0,0,0.155761988
26984,2012/12/20 11:01,2,MINI COOPER ܿ,,http://www.iqiyi.com/ad/20121220/c8149e8b9bfd3979.html,264,2018/1/30,1867,14,0.17848132,0.17848132,0.001071501,0.066637708,0.066637708,0.150520417
24758,2013/2/26 17:53,0,2013ִſ-ϳƪ,,http://www.iqiyi.com/ad/20130226/a68d2352da58ff2d.html,265,2018/1/30,1798,14,0.169976266,0.169976266,0,0,0,0.127482199
54938,2012/11/9 15:33,2,BMW֮ù˺һԦ,,http://www.iqiyi.com/ad/20121109/f38717dca459108f.html,266,2018/1/30,1907,29,0.355603433,0.355603433,0.001048574,0.065211879,0.065211879,0.283005544
3455,2012/12/19 12:51,0,MINI COOPER ɽ·Ĳ,,http://www.iqiyi.com/ad/20121219/4e8c2e47b68e21c8.html,267,2018/1/30,1867,2,0.022841238,0.022841238,0,0,0,0.017130929
10405,2012/12/19 12:50,2,MINI COOPER ƪ,,http://www.iqiyi.com/ad/20121219/b85d18bb1e16528b.html,268,2018/1/30,1867,6,0.068788132,0.068788132,0.00107097,0.066604726,0.066604726,0.068242281
70776,2012/11/9 16:21,5,BMWX5ϵ,,http://www.iqiyi.com/ad/20121109/3f01dbd310f6efb9.html,269,2018/1/30,1907,37,0.458127861,0.458127861,0.002621481,0.163032546,0.163032546,0.384354032
33074,2013/2/26 14:36,3,BMW΢Ӱϵ02-Ambush,,http://www.iqiyi.com/ad/20130226/86000f9ae23c2e44.html,270,2018/1/30,1798,18,0.227052563,0.227052563,0.001668157,0.103744375,0.103744375,0.196225516
60656,2012/11/14 17:30,0,׶ع Silence of the Lambs,,http://www.iqiyi.com/ad/20121114/bb9659e2ddd25dbf.html,271,2018/1/30,1902,32,0.393663714,0.393663714,0,0,0,0.295247786
23135,2012/12/19 11:11,0,MINI COOPER ,,http://www.iqiyi.com/ad/20121219/fdc9733b8a3bdee7.html,272,2018/1/30,1868,12,0.15294136,0.15294136,0,0,0,0.11470602
17261,2012/12/20 11:07,0,MINI COOPER ٷֲ,,http://www.iqiyi.com/ad/20121220/5bfd151a3d50a14b.html,273,2018/1/30,1867,9,0.114170358,0.114170358,0,0,0,0.085627768
48700,2012/12/19 19:07,1,MINI COOPER ¼¶³¼,,http://www.iqiyi.com/ad/20121219/8a9701b09e396eb7.html,274,2018/1/30,1867,26,0.322004012,0.322004012,0.00053556,0.033307032,0.033307032,0.249829767
89941,2012/11/9 11:39,10,7ϵ,,http://www.iqiyi.com/ad/20121109/951472efb709ce58.html,275,2018/1/30,1908,47,0.582121732,0.582121732,0.005242424,0.326031617,0.326031617,0.518099203
14352,2012/12/20 11:01,0,MINI COOPER 2012Ԥ ѽ,,http://www.iqiyi.com/ad/20121220/32d47fb9833d9d07.html,276,2018/1/30,1867,8,0.094928991,0.094928991,0,0,0,0.071196743
29563,2012/12/18 17:54,0,㱼۹滨,,http://www.iqiyi.com/ad/20121218/db010b4cbbcb77fb.html,277,2018/1/30,1868,16,0.195360389,0.195360389,0,0,0,0.146520292
21880,2012/12/20 11:04,0,MINI COOPER ʢ,,http://www.iqiyi.com/ad/20121220/56b4174a18d7806e.html,278,2018/1/30,1867,12,0.144721896,0.144721896,0,0,0,0.108541422
3921,2016/9/20 11:30,1,Ҫڿʱ绰,"ӡִ,ǿҪ绰,Ϊǰ˶ܵ㡣",http://www.iqiyi.com/v_19rr9hz0u4.html,279,2018/1/30,497,8,0.097495222,0.097495222,0.002014014,0.125253569,0.125253569,0.104434809
5561,2012/12/20 17:36,0,MINI COOPER 2011ƶɳ,,http://www.iqiyi.com/ad/20121220/141b2406b0af5fd7.html,280,2018/1/30,1866,3,0.036787745,0.036787745,0,0,0,0.027590808
12115,2012/12/20 11:07,0,MINI COOPER ŰӶ˹˹,,http://www.iqiyi.com/ad/20121220/0835b5daf75630a3.html,281,2018/1/30,1867,6,0.080132894,0.080132894,0,0,0,0.060099671
35463,2013/1/25 15:27,0,ʱ ʻļ,,http://www.iqiyi.com/ad/20130125/8daf9dd101084c76.html,282,2018/1/30,1830,19,0.239201453,0.239201453,0,0,0,0.17940109
25380,2013/1/25 15:30,5,ʱ911 ͶӰӾֹ,,http://www.iqiyi.com/ad/20130125/df74f4ddb8297af8.html,283,2018/1/30,1830,14,0.171190813,0.171190813,0.002731712,0.169887904,0.169887904,0.170865085
70148,2012/11/9 14:38,0,BMW֮ùལƪ,,http://www.iqiyi.com/ad/20121109/5d19db91105c53d6.html,284,2018/1/30,1907,37,0.454045835,0.454045835,0,0,0,0.340534376
12158,2012/12/20 11:03,2,MINI COOPER ʱװ,,http://www.iqiyi.com/ad/20121220/e7c2aed879006881.html,285,2018/1/30,1867,7,0.080417192,0.080417192,0.001071502,0.066637758,0.066637758,0.076972333
82392,2013/2/27 10:59,1,2013 ִʥ Ŷ,,http://www.iqiyi.com/ad/20130227/01b99878e555d304.html,286,2018/1/30,1798,46,0.565887211,0.565887211,0.000556315,0.034597797,0.034597797,0.433064858
7527,2012/12/20 17:35,0,MINI COOPER  2011Ϻչ,,http://www.iqiyi.com/ad/20121220/83fcdad0c7bfe47e.html,287,2018/1/30,1866,4,0.049793428,0.049793428,0,0,0,0.037345071
102715,2012/11/6 11:01,0,ڸЦ Cross Country,,http://www.iqiyi.com/ad/20121106/dddd6f502338963f.html,288,2018/1/30,1911,54,0.663745336,0.663745336,0,0,0,0.497809002
1074,2017/8/18 13:55,0,ԫȷɽƪ,ԫ·ɰ,http://www.iqiyi.com/v_19rr83csa8.html,289,2018/1/30,164,7,0.080644219,0.080644219,0,0,0,0.060483164
30090,2012/11/16 18:07,0,Toyota Ψһ氮 ,,http://www.iqiyi.com/ad/20121116/7b4e5b1507589314.html,290,2018/1/30,1900,16,0.195495392,0.195495392,0,0,0,0.146621544
5981,2013/1/25 15:25,0,ʱGT3ս 6ֵϰ,,http://www.iqiyi.com/ad/20130125/4a57fe78e72eb0ce.html,291,2018/1/30,1830,3,0.040342408,0.040342408,0,0,0,0.030256806
29654,2013/2/22 16:05,1,ڸЦ ѡһȷðҪ,,http://www.iqiyi.com/ad/20130222/ecaaa142f7eaa1eb.html,292,2018/1/30,1802,16,0.203129487,0.203129487,0.000554837,0.034505896,0.034505896,0.16097359
184940,2013/3/8 16:57,20, Ϣ,,http://www.iqiyi.com/ad/20130308/16975953e7df2b2c.html,293,2018/1/30,1788,103,1.27677968,1,0.011183845,0.695534573,0.695534573,0.923883643
85429,2013/2/27 10:54,10,2013 ذﳵһװ,,http://www.iqiyi.com/ad/20130227/0aa9e152d2bcd24f.html,294,2018/1/30,1798,48,0.586744892,0.586744892,0.00556314,0.345977306,0.345977306,0.526552996
98759,2012/12/20 11:07,1,MINI COOPER MINI,,http://www.iqiyi.com/ad/20121220/2e6052598f6b3cbc.html,295,2018/1/30,1867,53,0.653226949,0.653226949,0.000535752,0.033318929,0.033318929,0.498249944
20503,2013/5/22 15:30,3,ⴴ Ұ,ⴴ Ұ,http://www.iqiyi.com/ad/20130522/5d88cba077f2ef70.html,296,2018/1/30,1713,12,0.147738687,0.147738687,0.001750951,0.108893434,0.108893434,0.138027374
623,2017/9/19 10:16,0,չøƷеҩ,Զչ,http://www.iqiyi.com/v_19rr8nugn4.html,297,2018/1/30,133,5,0.058017562,0.058017562,0,0,0,0.043513172
7723,2012/12/20 17:38,0,MINI COOPER ÿ˶Լ,,http://www.iqiyi.com/ad/20121220/f215df06c5b12991.html,298,2018/1/30,1866,4,0.051090085,0.051090085,0,0,0,0.038317564
23566,2013/1/15 15:49,0,Toyota Avalon ƪ,,http://www.iqiyi.com/ad/20130115/a7f187707eaac9c6.html,299,2018/1/30,1840,13,0.158092601,0.158092601,0,0,0,0.118569451
26460,2013/2/26 16:35,0,2013ִʥƹ-ֶƪ,,http://www.iqiyi.com/ad/20130226/96873043610194fb.html,300,2018/1/30,1798,15,0.18165589,0.18165589,0,0,0,0.136241917
19939,2016/10/31 10:03,4,Smart:ĬĶ,ǷתڣĽգϴĲΣǳľšŰSmartǿǲ.,http://www.iqiyi.com/v_19rr966x9c.html,301,2018/1/30,456,44,0.540333009,0.540333009,0.008779993,0.546036576,0.546036576,0.541758901
22555,2012/12/21 18:43,0,MINI COOPER һλ,,http://www.iqiyi.com/ad/20121221/ac8b939be8b76d2f.html,302,2018/1/30,1865,12,0.149292057,0.149292057,0,0,0,0.111969043
3931,2012/12/21 11:17,0,MINI COOPER  ߻,,http://www.iqiyi.com/ad/20121221/27149b4fca60a513.html,303,2018/1/30,1866,2,0.026015058,0.026015058,0,0,0,0.019511294
34828,2012/12/19 12:51,1,MINI COOPER ̼ƪ,,http://www.iqiyi.com/ad/20121219/ee89711a97503660.html,304,2018/1/30,1867,19,0.23025026,0.23025026,0.000535485,0.033302375,0.033302375,0.181013289
9204,2014/7/25 11:53,14,  ѩ籭Ȥζ,,http://www.iqiyi.com/v_19rrhnxc24.html,305,2018/1/30,1285,7,0.088463644,0.088463644,0.010899141,0.677828568,0.677828568,0.235804875
1390,2014/12/24 09:57,0,һĵӡ֮æҵİְ˾,,http://www.iqiyi.com/v_19rrnynp94.html,306,2018/1/30,1133,1,0.015151925,0.015151925,0,0,0,0.011363944
54179,2013/1/15 15:47,2, The Word,,http://www.iqiyi.com/ad/20130115/c13f1157d6b9b049.html,307,2018/1/30,1840,29,0.363459755,0.363459755,0.001086754,0.067586345,0.067586345,0.289491402
9472,2012/12/21 11:16,118,MINI COOPER Crashed Ice World Championship 2011,,http://www.iqiyi.com/ad/20121221/f372fa5d5eea0360.html,308,2018/1/30,1866,5,0.062684951,0.062684951,0.063252783,3.933754258,1,0.297013713
21167,2012/11/13 10:06,5,һ ƪ,,http://www.iqiyi.com/ad/20121113/10c3c5e69eb54eee.html,309,2018/1/30,1904,11,0.137281601,0.137281601,0.002626631,0.163352824,0.163352824,0.143799406
11988,2012/12/20 11:03,2,MINI COOPER ʽѩ,,http://www.iqiyi.com/ad/20121220/7d3f2baa4187aec4.html,310,2018/1/30,1867,6,0.079292753,0.079292753,0.001071502,0.066637758,0.066637758,0.076129004
56315,2012/12/20 17:38,3,MINI COOPER  ֻǻѩ,,http://www.iqiyi.com/ad/20121220/2ed6075c1e2756a4.html,311,2018/1/30,1866,30,0.372541518,0.372541518,0.001607489,0.099971329,0.099971329,0.304398971
33397,2013/2/26 18:06,0,2013ִع-ݽƪ,,http://www.iqiyi.com/ad/20130226/b6a6995fd596e634.html,312,2018/1/30,1798,19,0.229288547,0.229288547,0,0,0,0.17196641
35328,2013/1/14 17:17,3,LEXUS׿˹GS350,,http://www.iqiyi.com/ad/20130114/177c97b214f7148d.html,313,2018/1/30,1841,19,0.236877176,0.236877176,0.001629301,0.101327899,0.101327899,0.202989856
127672,2012/11/9 15:32,10,BMW֮ù,,http://www.iqiyi.com/ad/20121109/784863def538d0ce.html,314,2018/1/30,1907,67,0.826396755,0.826396755,0.005242869,0.326059276,0.326059276,0.701312385
685,2017/8/11 15:23,0,Ϊڡѩԭ糡һƪ,Ϊڡѩԭ糡һƪ,http://www.iqiyi.com/v_19rr8grsaw.html,315,2018/1/30,171,4,0.049352317,0.049352317,0,0,0,0.037014238
21371,2013/1/18 16:48,1,107 ɰɫ,,http://www.iqiyi.com/ad/20130118/4a2dc8d8816b8046.html,316,2018/1/30,1837,12,0.143604727,0.143604727,0.000544277,0.03384913,0.03384913,0.116165828
13879,2012/10/10 14:41,0,Hot Wheels For Real  ģƷƹ,,http://www.iqiyi.com/ad/20121010/41d7726d443ae58a.html,317,2018/1/30,1937,7,0.088443413,0.088443413,0,0,0,0.06633256
4455,2014/7/16 15:28,7,ӾƬ ¹ - Explosion,,http://www.iqiyi.com/v_19rrhjjyak.html,318,2018/1/30,1293,3,0.042525922,0.042525922,0.005412278,0.336595025,0.336595025,0.116043198
7205,2012/12/20 11:04,0,MINI COOPER Ǵͳѵγ,,http://www.iqiyi.com/ad/20121220/d79a84aaf3e82f9e.html,319,2018/1/30,1867,4,0.047656365,0.047656365,0,0,0,0.035742273
15167,2013/2/26 17:40,0,2013 Ram ũƪ,,http://www.iqiyi.com/ad/20130226/d7d87f404b613bfa.html,320,2018/1/30,1798,8,0.104128648,0.104128648,0,0,0,0.078096486
19335,2012/12/20 11:10,2,MINI COOPER й սƯλ,,http://www.iqiyi.com/ad/20121220/d2b8afd61524a866.html,321,2018/1/30,1867,10,0.12788867,0.12788867,0.001071504,0.066637932,0.066637932,0.112575985
69335,2012/12/20 11:00,26,MINI COOPER 2012ֵӰ,,http://www.iqiyi.com/ad/20121220/9790eb0e25a0cd73.html,322,2018/1/30,1867,37,0.458605014,0.458605014,0.013929504,0.866289887,0.866289887,0.560526232
56859,2013/1/15 15:47,0,Toyota Hybird δƪ,,http://www.iqiyi.com/ad/20130115/d46b8fd33d1d158a.html,323,2018/1/30,1840,31,0.381438532,0.381438532,0,0,0,0.286078899
28700,2012/11/12 17:09,0, change rooms,,http://www.iqiyi.com/ad/20121112/ddedbed911a81fe2.html,324,2018/1/30,1904,15,0.186068914,0.186068914,0,0,0,0.139551685
14234,2012/12/21 18:42,1,MINI COOPER Ͱ,,http://www.iqiyi.com/ad/20121221/73d2eba0a58c61e1.html,325,2018/1/30,1865,8,0.094215134,0.094215134,0.00053613,0.033342436,0.033342436,0.07899696
6100,2012/12/21 18:41,0,MINI COOPER Crashed Ice Munich 2011,,http://www.iqiyi.com/ad/20121221/883433bc42dbd7a4.html,326,2018/1/30,1865,3,0.040376009,0.040376009,0,0,0,0.030282006
11491,2014/7/11 09:48,4, 鴴 ƪ,,http://www.iqiyi.com/v_19rrhk3058.html,327,2018/1/30,1299,9,0.109246915,0.109246915,0.00308026,0.191564471,0.191564471,0.129826304
18380,2012/12/20 15:49,2,MINI COOPER Ϊкֵܶһ,,http://www.iqiyi.com/ad/20121220/fc8f442347853997.html,328,2018/1/30,1866,10,0.121584576,0.121584576,0.001071616,0.066644849,0.066644849,0.107849644
9281,2012/12/20 17:38,9,MINI COOPER ˿͡,,http://www.iqiyi.com/ad/20121220/6eccfa8d9ed8c246.html,329,2018/1/30,1866,5,0.061396747,0.061396747,0.004822466,0.299913986,0.299913986,0.121026057
308,2017/8/30 11:45,0,Զʺֺ̰ڿƼ㶨,ʺ̰úڿƼ㶨,http://www.iqiyi.com/v_19rr8zfl4g.html,330,2018/1/30,153,2,0.024933037,0.024933037,0,0,0,0.018699778
22703,2016/10/26 22:05,3,Ҫڲͬµѧ,Լڮٶֿʼµ񼶹,http://www.iqiyi.com/v_19rr97c4xk.html,331,2018/1/30,460,49,0.609219777,0.609219777,0.006520607,0.405523117,0.405523117,0.558295612
10563,2016/9/20 11:32,1,Ϊ׾Ͳʶ,"Ϊ׾Ͳʶ,ſִ棬·ˡ",http://www.iqiyi.com/v_19rr9hyl24.html,332,2018/1/30,497,21,0.262648537,0.262648537,0.00201402,0.125253919,0.125253919,0.228299883
65701,2012/10/31 15:46,2,µ2012񽱹-Vampire Party,,http://www.iqiyi.com/ad/20121031/73510e4f88b39aa8.html,333,2018/1/30,1916,34,0.42327507,0.42327507,0.001043654,0.064905922,0.064905922,0.333682783
42017,2012/12/20 15:51,0,MINI COOPER 㳵 ,,http://www.iqiyi.com/ad/20121220/2b5d6a60b95355de.html,334,2018/1/30,1866,23,0.277944664,0.277944664,0,0,0,0.208458498
9568,2012/12/20 17:38,0,MINI COOPER 䶯Ŀ,,http://www.iqiyi.com/ad/20121220/00db88cbb466eb9c.html,335,2018/1/30,1866,5,0.063295343,0.063295343,0,0,0,0.047471507
37758,2013/2/19 18:11,0,Ц ʱҪϵͳ,,http://www.iqiyi.com/ad/20130219/7854e701e327b7ed.html,336,2018/1/30,1805,21,0.258224493,0.258224493,0,0,0,0.19366837
91824,2013/2/26 17:14,4,2013ִʥƹ-ɡƪ,,http://www.iqiyi.com/ad/20130226/59604a1c8d0a22aa.html,337,2018/1/30,1798,51,0.63040898,0.63040898,0.002224345,0.138334273,0.138334273,0.507390304
643,2016/9/20 11:34,0,ֹ֮ͣ· ִ,"ִ,ֹ֮ͣ·,ԶҪǰ,ս.",http://www.iqiyi.com/v_19rr9i2mk0.html,338,2018/1/30,497,1,0.015988212,0.015988212,0,0,0,0.011991159
34710,2013/2/26 13:42,2,2013 ۹ ҪѪջ,,http://www.iqiyi.com/ad/20130226/2165d8ae68c5227e.html,339,2018/1/30,1798,19,0.238278712,0.238278712,0.001112082,0.069161475,0.069161475,0.195999403
14437,2013/2/26 18:10,0,ִع-ƪ,,http://www.iqiyi.com/ad/20130226/b360ae3d4c86ef26.html,340,2018/1/30,1798,8,0.099118,0.099118,0,0,0,0.0743385
20287,2012/12/20 11:01,0,MINI COOPER ܳڵɽӳ,,http://www.iqiyi.com/ad/20121220/5b517da3bc3677fc.html,341,2018/1/30,1867,11,0.134185092,0.134185092,0,0,0,0.100638819
32700,2013/1/28 13:58,2, ٷȫλ,,http://www.iqiyi.com/ad/20130128/f7beccb14c5edfe9.html,342,2018/1/30,1827,18,0.220919376,0.220919376,0.00109444,0.068064345,0.068064345,0.182705619
33230,2013/1/21 14:51,0,BWM6ϵ ʴƪ,,http://www.iqiyi.com/ad/20130121/a7d7c1ee3a8c7b82.html,343,2018/1/30,1834,18,0.223647839,0.223647839,0,0,0,0.167735879
3474,2017/8/11 10:54,0,ŮδԱʱݹ,2017  ʱݹ,http://www.iqiyi.com/v_19rr8giafo.html,344,2018/1/30,172,20,0.250019342,0.250019342,0,0,0,0.187514506
104108,2013/2/26 17:38,0,2013 㲿 ˵Ĺ,,http://www.iqiyi.com/ad/20130226/808353a999363cc7.html,345,2018/1/30,1798,58,0.714750244,0.714750244,0,0,0,0.536062683
61440,2013/1/31 17:32,17,KIA ,,http://www.iqiyi.com/ad/20130131/9f9215bb7d11975f.html,346,2018/1/30,1824,34,0.415801633,0.415801633,0.009318799,0.57954548,0.57954548,0.456737595
14459,2012/12/20 11:13,0,MINI COOPER ,,http://www.iqiyi.com/ad/20121220/0180d6eed05f724f.html,347,2018/1/30,1867,8,0.095637152,0.095637152,0,0,0,0.071727864
21043,2012/11/9 11:39,0,2011ƪ,,http://www.iqiyi.com/ad/20121109/7691e2daa4f51228.html,348,2018/1/30,1908,11,0.136195813,0.136195813,0,0,0,0.10214686
565,2017/8/11 15:24,0,Ϊڡѩԭ糡ƪ,Ϊڡѩԭ糡ƪ,http://www.iqiyi.com/v_19rr8grko0.html,349,2018/1/30,171,3,0.040706821,0.040706821,0,0,0,0.030530116
9136,2012/12/21 18:40,1,MINI COOPER ͷ,,http://www.iqiyi.com/ad/20121221/2d2648495ed20704.html,350,2018/1/30,1865,5,0.060471324,0.060471324,0.000536129,0.033342411,0.033342411,0.053689096
16089,2012/12/19 11:10,3,MINI COOPER ĳ ,,http://www.iqiyi.com/ad/20121219/f09ac49a9a72b376.html,351,2018/1/30,1868,9,0.106361471,0.106361471,0.001606396,0.099903374,0.099903374,0.104746947
68973,2012/10/30 16:43,10,˴ڹ,,http://www.iqiyi.com/ad/20121030/66f52baf1a11cc8f.html,352,2018/1/30,1917,36,0.444132163,0.444132163,0.005215658,0.324367047,0.324367047,0.414190884
332771,2013/9/20 16:51,0,ءǡ ʱƬ,ءǡʱƬ,http://www.iqiyi.com/v_19rrhbb2js.html,353,2018/1/30,1592,209,2.580150937,1,0,0,0,0.75
969,2017/7/27 11:37,0,ҡӽűͼֽĿ,ӱʻʲݵļͼֽĻеޣһĵҪ̣ƬǱƳĴ棬ԵӰűʽչʾЩĹ£ԡߡ빤պʹµġǡ¾,http://www.iqiyi.com/v_19rr8fmrdg.html,354,2018/1/30,187,5,0.064140408,0.064140408,0,0,0,0.048105306
14895,2012/12/20 11:08,0,MINI COOPER ̾Ϊֹ,,http://www.iqiyi.com/ad/20121220/33448741b4ff4f06.html,355,2018/1/30,1867,8,0.098520834,0.098520834,0,0,0,0.073890625
5434,2014/7/31 15:01,10,һŷЯ ΢ӰƽС,,http://www.iqiyi.com/v_19rrmtoblg.html,356,2018/1/30,1278,4,0.052479002,0.052479002,0.007822435,0.48648511,0.48648511,0.160980529
121751,2013/1/9 13:45,1,GOLFƪ ǳԭ,,http://www.iqiyi.com/ad/20130109/b54e9be445920b86.html,357,2018/1/30,1846,66,0.814074859,0.814074859,0.000541587,0.03368181,0.03368181,0.618976597
48767,2012/11/9 12:00,2,ΪȫԸ,,http://www.iqiyi.com/ad/20121109/e3bb6a4a91b4f198.html,358,2018/1/30,1908,26,0.315635222,0.315635222,0.001048493,0.065206822,0.065206822,0.253028122
8436,2012/12/20 11:00,0,MINI COOPER 㳨,,http://www.iqiyi.com/ad/20121220/62f862266be73c41.html,359,2018/1/30,1867,5,0.055798542,0.055798542,0,0,0,0.041848906
38081,2012/12/21 18:43,4,MINI COOPER ܵ,,http://www.iqiyi.com/ad/20121221/5b198bb9359be2ab.html,360,2018/1/30,1865,20,0.252059004,0.252059004,0.002144519,0.133369794,0.133369794,0.222386702
14027,2012/12/19 11:12,1,MINI COOPER 빫ţһ,,http://www.iqiyi.com/ad/20121219/54de95cde13dccaa.html,361,2018/1/30,1868,8,0.09273003,0.09273003,0.000535466,0.033301149,0.033301149,0.07787281
5914,2012/12/20 17:37,4,MINI COOPER ʳۻ,,http://www.iqiyi.com/ad/20121220/2cc3de97a18d2774.html,362,2018/1/30,1866,3,0.039122964,0.039122964,0.002143317,0.133295055,0.133295055,0.062665987
2572,2016/9/20 11:35,1,ץ񣡰ְҼ޲ȥ,ָЦִ棬ְΪŮѹܣɷѿİ,http://www.iqiyi.com/v_19rr9i2mx0.html,363,2018/1/30,497,5,0.063952937,0.063952937,0.002014028,0.125254445,0.125254445,0.079278314
57294,2013/2/26 17:04,0,2013ִʥƹ-Сƪ,,http://www.iqiyi.com/ad/20130226/314b84ee3230bd6d.html,364,2018/1/30,1798,32,0.393345015,0.393345015,0,0,0,0.295008761
16500,2013/1/21 14:52,2,ﴴ 㲻ȱĸ,,http://www.iqiyi.com/ad/20130121/3304fa65d7d35b06.html,365,2018/1/30,1834,9,0.111049977,0.111049977,0.001090286,0.067806003,0.067806003,0.100238984
24287,2013/1/18 16:49,3,׿˹GS  쾪֮,,http://www.iqiyi.com/ad/20130118/f50b84f5020e29fa.html,366,2018/1/30,1837,13,0.163199164,0.163199164,0.001632831,0.101547428,0.101547428,0.14778623
46498,2012/11/9 15:33,3,ȫBMW3ϵʤƪ,,http://www.iqiyi.com/ad/20121109/aa4a7db53ce6c2f1.html,367,2018/1/30,1907,24,0.300972886,0.300972886,0.001572861,0.097817818,0.097817818,0.250184119
563,2017/7/24 11:54,1,polo游ĸչ˺,û취һںԣЩ·㿪ʼԼǰУֻܿıӰڴǱһչ˺Լ,http://www.iqiyi.com/v_19rr7nnh94.html,368,2018/1/30,190,3,0.036678672,0.036678672,0.005276929,0.328177515,0.328177515,0.109553382
34653,2013/1/15 15:49,2,Toyota Avalon ɻƪ,,http://www.iqiyi.com/ad/20130115/5731522909112630.html,369,2018/1/30,1840,19,0.232469783,0.232469783,0.001086755,0.067586396,0.067586396,0.191248937
11819,2012/12/20 11:13,0,MINI COOPER MINI,,http://www.iqiyi.com/ad/20121220/113e5e911f059864.html,370,2018/1/30,1867,6,0.07817522,0.07817522,0,0,0,0.058631415
7082,2016/9/26 17:02,0,µһ֣,ʱ300һ·оðҲСѡ˵뵽˷壬׷׷Ҿͺٺٺ٣һԷޣһɳĮеСټó˵ģ㻹Ҫʲô,http://www.iqiyi.com/v_19rr9g7fxs.html,371,2018/1/30,490,14,0.178330903,0.178330903,0,0,0,0.133748177
18091,2012/11/12 17:10,1,Īȹ AudiFanMessenger,,http://www.iqiyi.com/ad/20121112/04cfcaa432cd8b31.html,372,2018/1/30,1904,10,0.117288291,0.117288291,0.000525132,0.03265846,0.03265846,0.096130833
23256,2012/12/20 11:14,0,MINI COOPER ʷMINI,,http://www.iqiyi.com/ad/20121220/551a0628007cef64.html,373,2018/1/30,1867,12,0.153823808,0.153823808,0,0,0,0.115367856
20233,2012/12/20 11:02,0,MINI COOPER 2011չ,,http://www.iqiyi.com/ad/20121220/d66508605ca59834.html,374,2018/1/30,1867,11,0.133827968,0.133827968,0,0,0,0.100370976
15768,2014/8/18 10:51,5,ɴƬ  Heighten every moment,,http://www.iqiyi.com/v_19rrmix7iw.html,375,2018/1/30,1261,13,0.154433395,0.154433395,0.003966529,0.246682437,0.246682437,0.177495656
1012534,2013/8/11 20:45,1,ھ-Ц ⳵ Ʒλ,ھ-Ц ⳵ Ʒλ,http://www.iqiyi.com/v_19rrgi8ul4.html,376,2018/1/30,1632,620,7.659093902,1,0.000612694,0.038104073,0.038104073,0.759526018
9901,2012/12/21 18:42,0,MINI COOPER ѩֵ һӽǹ,,http://www.iqiyi.com/ad/20121221/cd7bc4cfbe317dca.html,377,2018/1/30,1865,5,0.06553492,0.06553492,0,0,0,0.04915119
71706,2013/1/31 17:05,2,KIAǹ ͣ,,http://www.iqiyi.com/ad/20130131/190d1ee739a72465.html,378,2018/1/30,1824,39,0.485272875,0.485272875,0.001096318,0.06818112,0.06818112,0.380999937
27931,2013/2/25 09:51,0,midttraficʿ ʿôô,,http://www.iqiyi.com/ad/20130225/6b67a781868631ed.html,379,2018/1/30,1800,16,0.1916183,0.1916183,0,0,0,0.143713725
27500,2012/12/20 15:49,0,MINI COOPER ˶ ȫܿ,,http://www.iqiyi.com/ad/20121220/6a3c3789e44fa98a.html,380,2018/1/30,1866,15,0.181913811,0.181913811,0,0,0,0.136435358
61926,2012/12/19 12:50,4,MINI COOPER ̼ƪ,,http://www.iqiyi.com/ad/20121219/43f549bb7722e7eb.html,381,2018/1/30,1867,33,0.409396816,0.409396816,0.002141941,0.133209452,0.133209452,0.340349975
81744,2012/11/9 15:34,1,ȫBMW6ϵŽܳȫʳƪ,,http://www.iqiyi.com/ad/20121109/b698f8a99dfc00f6.html,382,2018/1/30,1907,43,0.529113866,0.529113866,0.000524287,0.032605951,0.032605951,0.404986888
1283,2017/9/26 11:56,0,溫ö³,Ҫϸ˹³eyesight ʻϵͳܼݳȤʵȦۡ˹³eyesightʻϵͳǴȫʵļʻ飬Լ˫һֵ,http://www.iqiyi.com/v_19rr8tes78.html,383,2018/1/30,126,10,0.126211023,0.126211023,0,0,0,0.094658267
151176,2013/1/25 15:24,0,ڴЦ ֻг,,http://www.iqiyi.com/ad/20130125/f38e615cf24a7bcc.html,384,2018/1/30,1830,83,1.019695956,1,0,0,0,0.75
674,2017/9/21 11:25,0,ɴǰŮ,___ǰŮ_,http://www.iqiyi.com/v_19rr8mp6wk.html,385,2018/1/30,131,5,0.063751803,0.063751803,0,0,0,0.047813852
732,2017/9/30 11:37,0,عĵϲɵĿ,棬ⲿӰƬ߸Լ_ϳĿ,http://www.iqiyi.com/v_19rr8r3dd4.html,386,2018/1/30,122,6,0.074370668,0.074370668,0,0,0,0.055778001
168392,2013/1/24 15:32,5,ʱݴ 20,,http://www.iqiyi.com/ad/20130124/ed853e4f7dc290fd.html,387,2018/1/30,1831,92,1.135202689,1,0.002730222,0.169795266,0.169795266,0.792448817
72611,2013/1/17 15:32,2,ִ ,,http://www.iqiyi.com/ad/20130117/1e2b84c96b04f2c3.html,388,2018/1/30,1838,39,0.487637987,0.487637987,0.00108793,0.067659491,0.067659491,0.382643363
37916,2013/2/26 14:36,5,BMW΢Ӱϵ01-Star,,http://www.iqiyi.com/ad/20130226/3666a56d414ee9bd.html,389,2018/1/30,1798,21,0.260292827,0.260292827,0.002780262,0.172907292,0.172907292,0.238446443
43956,2013/2/26 16:56,5,2013ִʥƹFind Your7,,http://www.iqiyi.com/ad/20130226/e0b418bf4df11355.html,390,2018/1/30,1798,24,0.30177366,0.30177366,0.002780412,0.17291664,0.17291664,0.269559405
196373,2012/11/13 13:34,6,׶ع Poloܰ ְ,,http://www.iqiyi.com/ad/20121113/9b35e8f0e3fcbb5e.html,391,2018/1/30,1903,103,1.273701778,1,0.003152196,0.196038264,0.196038264,0.799009566
68507,2013/5/2 13:40,1,ոЦ ܻ᷸,ոЦ ܻ᷸,http://www.iqiyi.com/ad/20130502/8422d2ef6243be11.html,392,2018/1/30,1733,40,0.487924325,0.487924325,0.000576891,0.035877414,0.035877414,0.374912597
26783,2013/1/16 10:30,3,ȫһ׿ǳ ֡˳,,http://www.iqiyi.com/ad/20130114/b53649347b402141.html,393,2018/1/30,1840,15,0.179749893,0.179749893,0.001630823,0.101422496,0.101422496,0.160168044
13303,2012/12/20 15:52,0,MINI COOPER Լп Ļ,MINI COOPER Լп Ļ,http://www.iqiyi.com/ad/20121220/6a1432ece3ad7d3c.html,394,2018/1/30,1866,7,0.088000077,0.088000077,0,0,0,0.066000058
44212,2013/1/18 16:49,5,ɣAltima ⲻǺܿ,,http://www.iqiyi.com/ad/20130118/891b43d72bb18424.html,395,2018/1/30,1837,24,0.29708739,0.29708739,0.002721386,0.169245714,0.169245714,0.265126971
19856,2013/1/9 13:43,1,ѩ ȾĿ,,http://www.iqiyi.com/ad/20130109/1a69bd4119b1d037.html,396,2018/1/30,1846,11,0.132764891,0.132764891,0.000541586,0.033681785,0.033681785,0.107994114
1225,2017/7/14 16:14,1,ػͯůĹ桶̩ά޷,ܷµʧȥһе㡰ɵ£Ϊάĵ󶯸ɸꡱʱܵġ,http://www.iqiyi.com/v_19rr7k7i50.html,397,2018/1/30,199,6,0.075875455,0.075875455,0.005016967,0.312010234,0.312010234,0.13490915
4001,2014/11/25 12:21,1,ΰμӺƹӰĻmalibu,,http://www.iqiyi.com/v_19rrna8ngo.html,398,2018/1/30,1161,3,0.042528372,0.042528372,0.000860966,0.053544371,0.053544371,0.045282372
294,2017/8/18 13:53,0,öӿóβ,ĸǵĸտյĺӻ_ǵĳTOYOTAƳһֻ塺safe&soundֻҪһĸ趨ޣͻ...,http://www.iqiyi.com/v_19rr83db5k.html,399,2018/1/30,164,2,0.022075605,0.022075605,0,0,0,0.016556704
43223,2012/12/20 15:51,10,MINI COOPER սƪ,,http://www.iqiyi.com/ad/20121220/45463739130a34e9.html,400,2018/1/30,1866,23,0.285922418,0.285922418,0.005358082,0.333224495,0.333224495,0.297747937
21698,2013/2/26 16:50,1,2013ִʥƹ-ֲӰƪ,,http://www.iqiyi.com/ad/20130226/5e7b32dc6aee92f7.html,401,2018/1/30,1798,12,0.148964185,0.148964185,0.000556081,0.034583248,0.034583248,0.12036895
18706,2013/2/26 17:24,2,2013ִʥƹ-ҡƪ,,http://www.iqiyi.com/ad/20130226/2f3b16fa1e459076.html,402,2018/1/30,1798,10,0.128424768,0.128424768,0.001112177,0.069167404,0.069167404,0.113610427
2869,2014/7/21 15:10,3,ȫ롪ӢƬӽ Ƭ,,http://www.iqiyi.com/v_19rrhnf8qc.html,403,2018/1/30,1288,2,0.027492521,0.027492521,0.002328527,0.144813447,0.144813447,0.056822753
638,2017/9/19 10:15,0,ƬЧȫLOGO,914գʹlogoıϵг෨˸չԭеɫڰ׵ɫȡͬʱBMWȫơBayerische Motoren WerkeͷǷ˾ӵǰԤͼ¿ʹԭLOGO,http://www.iqiyi.com/v_19rr8nul98.html,404,2018/1/30,133,5,0.059414143,0.059414143,0,0,0,0.044560607
31156,2013/1/17 15:43,2,Ford İٱ,,http://www.iqiyi.com/ad/20130117/9277c6a690c3bf75.html,405,2018/1/30,1838,17,0.209237061,0.209237061,0.001087935,0.067659772,0.067659772,0.173842739
21313,2017/8/28 11:38,0,ֶ˹֮NemoĲ԰,ڳ29һ죬漣ˡRosieطţ ԭRosieԵ粨ѧEduardo Mirandaİ£ͨԵ粨ȡRosieôʵࡣ,http://www.iqiyi.com/v_19rr86p6zw.html,406,2018/1/30,155,138,1.702931291,1,0,0,0,0.75
25020,2013/2/26 17:36,1,2013ִſ˹-Ȼƪ,,http://www.iqiyi.com/ad/20130226/639851e90141ebfd.html,407,2018/1/30,1798,14,0.171773901,0.171773901,0.000556091,0.034583862,0.034583862,0.137476391
521,2017/9/19 10:15,0,ۺԶdissֻfreestyle,8껻һfreestyleոĻġйΪϷ绯ļγɵĸֳͻԼѡǵƷ飬ɡKeep Realڵʱ򣬼ڲӱRapʵĵfreestyle,http://www.iqiyi.com/v_19rr8nu85o.html,408,2018/1/30,133,4,0.048518446,0.048518446,0,0,0,0.036388834
69163,2012/11/9 12:00,4,Ͳ2011,,http://www.iqiyi.com/ad/20121109/8a1ca38dcbcf4f64.html,409,2018/1/30,1908,36,0.447644491,0.447644491,0.002096986,0.130413644,0.130413644,0.368336779
35670,2012/11/13 10:06,8,һ ƪ,,http://www.iqiyi.com/ad/20121113/3c8e6eda0d4a43f3.html,410,2018/1/30,1904,19,0.231342878,0.231342878,0.00420261,0.261364518,0.261364518,0.238848288
67849,2013/2/17 16:01,6,TOYOTAﴴ ϣ,,http://www.iqiyi.com/ad/20130217/02ea90230b6cf7ef.html,411,2018/1/30,1807,38,0.463478217,0.463478217,0.003319809,0.206462292,0.206462292,0.399224235
1694,2017/9/18 11:44,0,ѹĹ,ܲBվѹƵһBվĹƷ,http://www.iqiyi.com/v_19rr8oiyh8.html,412,2018/1/30,134,13,0.156646236,0.156646236,0,0,0,0.117484677
39122,2012/12/21 11:16,1,MINI COOPER  ݮƪ,,http://www.iqiyi.com/ad/20121221/0877d0023903d2dc.html,413,2018/1/30,1866,21,0.258906319,0.258906319,0.000536041,0.0333369,0.0333369,0.202513964
74421,2012/11/1 12:26,1,׶ع2012-֮Jaws,,http://www.iqiyi.com/ad/20121101/f8cda36947eb6a34.html,414,2018/1/30,1915,39,0.479668729,0.479668729,0.000522062,0.03246755,0.03246755,0.367868434
14568,2012/12/20 17:36,0,MINI COOPER  ƪ,,http://www.iqiyi.com/ad/20121220/34cc3121f612e4ea.html,415,2018/1/30,1866,8,0.096371851,0.096371851,0,0,0,0.072278888
8053,2012/12/20 11:08,1,MINI COOPER һ,,http://www.iqiyi.com/ad/20121220/a7a679ad9b498e01.html,416,2018/1/30,1867,4,0.05326541,0.05326541,0.000535752,0.033318941,0.033318941,0.048278792
26669,2012/12/12 15:15,7,8ɹ󽱵Ĺ,,http://www.iqiyi.com/ad/20121212/58758ce2732d1c05.html,417,2018/1/30,1874,14,0.175661517,0.175661517,0.003734599,0.232258467,0.232258467,0.189810755
251890,2012/12/19 19:04,25,MINI COOPER µ һ,,http://www.iqiyi.com/ad/20121219/6f0242767ecde1af.html,418,2018/1/30,1867,135,1.665492814,1,0.013388992,0.83267488,0.83267488,0.95816872
15714,2012/12/20 17:37,0,MINI COOPER ӮԼ,,http://www.iqiyi.com/ad/20121220/1a1434f854dda5bd.html,419,2018/1/30,1866,8,0.103953036,0.103953036,0,0,0,0.077964777
12304,2012/12/21 18:40,191,MINI COOPER ĵ˶,,http://www.iqiyi.com/ad/20121221/73811cfe98471684.html,420,2018/1/30,1865,7,0.081440365,0.081440365,0.102400667,6.368400558,1,0.311080273
32781,2012/12/19 11:09,17,MINI COOPER ƪ,,http://www.iqiyi.com/ad/20121219/47d3ac830b513a73.html,421,2018/1/30,1868,18,0.216709185,0.216709185,0.009102906,0.566118908,0.566118908,0.304061616
5152,2012/12/21 18:42,0,MINI COOPER Լ,,http://www.iqiyi.com/ad/20121221/5db5f7aa3279b66c.html,422,2018/1/30,1865,3,0.034101192,0.034101192,0,0,0,0.025575894
59054,2013/2/22 16:03,4, ;ͻȻԽ,,http://www.iqiyi.com/ad/20130222/fccb498e592e1288.html,423,2018/1/30,1802,33,0.404518767,0.404518767,0.002219348,0.138023477,0.138023477,0.337894944
23653,2012/12/19 12:50,31,MINI COOPER ,,http://www.iqiyi.com/ad/20121219/60effb777b5dd85c.html,424,2018/1/30,1867,13,0.156371522,0.156371522,0.016600041,1.032373252,1,0.367278642